{"noiseKey":{"private":{"type":"Buffer","data":"8Ov/kmTb5zKs0tpkecTkxowQ+SaovO/udLFVlE7YyGY="},"public":{"type":"Buffer","data":"y1BBcZqeskbhkL3onzTc+fpougb/efR50HoY1GJi5k4="}},"pairingEphemeralKeyPair":{"private":{"type":"Buffer","data":"cBJEUL483LgEoPpImCGPZmX45Av1YhMbCNGPjkurynU="},"public":{"type":"Buffer","data":"Qw3iUF7qx+T68vppCOcOD64wK/U6ti5/J/sH9n69iHw="}},"signedIdentityKey":{"private":{"type":"Buffer","data":"IMpwPCkTS6FIWSkGf0UNcoqV1z0ofM4HeuCGH0peg0Y="},"public":{"type":"Buffer","data":"lRDF58e18hnqLJHdrkPauAlLMmCROKU0sIaHcz7Z5S0="}},"signedPreKey":{"keyPair":{"private":{"type":"Buffer","data":"mBY/sTtcZcQT1PFErGipWdN8bNu5qBhUeRD5C7kq1EA="},"public":{"type":"Buffer","data":"W6YIy+GRMKtmU69zO8SKYVfB/7l8gwCqJmkCYEUsn1A="}},"signature":{"type":"Buffer","data":"xkFe9fZHYKPfyOSBqxES7lqmhygxQfXv78X1MqAC2W8FUUx6Kbjy7Nc4aEUyhE7bGPeZJFtd3SfKE3IkO2EwDw=="},"keyId":1},"registrationId":161,"advSecretKey":"i0vm77Xkgdk0RIee0LJJj3L1GXiVVPLyJvqVBcuO5Xk=","processedHistoryMessages":[{"key":{"remoteJid":"6281546857119@s.whatsapp.net","fromMe":true,"id":"127114795A0CC75DB707EFB72CACA695"},"messageTimestamp":1732679724},{"key":{"remoteJid":"6281546857119@s.whatsapp.net","fromMe":true,"id":"1A7DE64852205D47F60AD64F7CA1E026"},"messageTimestamp":1732679725},{"key":{"remoteJid":"6281546857119@s.whatsapp.net","fromMe":true,"id":"03B56D3074E927A2E812A094ADECB7E0"},"messageTimestamp":1732679731},{"key":{"remoteJid":"6281546857119@s.whatsapp.net","fromMe":true,"id":"9332C0C5EC7AAF4215394D915C7D90C1"},"messageTimestamp":1732679735}],"nextPreKeyId":34,"firstUnuploadedPreKeyId":34,"accountSyncCounter":1,"accountSettings":{"unarchiveChats":false},"registered":true,"pairingCode":"5LVZ6S5D","me":{"id":"6281546857119:93@s.whatsapp.net","lid":"268427218440355:93@lid","name":"yell"},"account":{"details":"CP6KrK4EEIavmroGGAEgACgA","accountSignatureKey":"MkH+TpVr1jPzVQFl/hyUztrj2QEN0dASz16tNEnmQ3U=","accountSignature":"xcvE1neNWgAUig+5NKXLW8IR+dB50lPHW8sMqLsp3bQfxjHB9IP0gCDB3WPBvmr0VxgEW03B/bjzS5pCDP2RCg==","deviceSignature":"Fi4uDzLZm0tF+7PgvuMIfOgmC2PNdCofJ+JQADhdHi1818sYoI0fy4ff0S5qmuoPa15AsVmKAPptZfkUGjkcBw=="},"signalIdentities":[{"identifier":{"name":"6281546857119:93@s.whatsapp.net","deviceId":0},"identifierKey":{"type":"Buffer","data":"BTJB/k6Va9Yz81UBZf4clM7a49kBDdHQEs9erTRJ5kN1"}}],"platform":"android","routingInfo":{"type":"Buffer","data":"CAgIEg=="},"lastAccountSyncTimestamp":1732679720,"lastPropHash":"iEaZ1","myAppStateKeyId":"AAAAAHF0"}