[{"senderKeyId":337170735,"senderChainKey":{"iteration":831,"seed":"DiXnQjU0ph+bScTmDVPbPt4OL+xEXnlpdjuWFV40aIY="},"senderSigningKey":{"public":"BVYRmc0CiLqURKfRf0per5Ut2Ei2e/kck6TfCbwmnMQL"},"senderMessageKeys":[{},{},{},{},{},{},{},{},{},{},{},{},{},{},{},{},{},{},{},{},{},{},{},{},{},{},{},{},{},{},{},{},{},{}]},{"senderKeyId":337170735,"senderChainKey":{"iteration":799,"seed":"9B9iUxyf2IAie8OkGbWC65vOvIGnkn6YS/cRqc41t3A="},"senderSigningKey":{"public":"BVYRmc0CiLqURKfRf0per5Ut2Ei2e/kck6TfCbwmnMQL"},"senderMessageKeys":[]},{"senderKeyId":337170735,"senderChainKey":{"iteration":803,"seed":"3jtaSNNwsCGv59/3QZ/wIEHZYduGrD/NHqO6WXSajZc="},"senderSigningKey":{"public":"BVYRmc0CiLqURKfRf0per5Ut2Ei2e/kck6TfCbwmnMQL"},"senderMessageKeys":[]},{"senderKeyId":337170735,"senderChainKey":{"iteration":807,"seed":"PtzxdlirF+fB9O9x/dpVZQw+nL8PYNNBsJSZxiWmwu8="},"senderSigningKey":{"public":"BVYRmc0CiLqURKfRf0per5Ut2Ei2e/kck6TfCbwmnMQL"},"senderMessageKeys":[]},{"senderKeyId":337170735,"senderChainKey":{"iteration":811,"seed":"8m0a4d2J2OknNhfXIZ/8lptw6sKug3NO73GPMsx9nCA="},"senderSigningKey":{"public":"BVYRmc0CiLqURKfRf0per5Ut2Ei2e/kck6TfCbwmnMQL"},"senderMessageKeys":[]}]