{"_sessions":{"BU1X1NhHMeExqz5j5yCDeW17qA6uVIpy93xLvZh4Sp4r":{"registrationId":128,"currentRatchet":{"ephemeralKeyPair":{"pubKey":"BaQtAMHkpi2XDOddoL4z2iovkCAK17NbWfBc2hp/SjVI","privKey":"8CbEQt5PUXhcVnKcavsG9iIi9nX6ZrGaa1V7vZ6oIU4="},"lastRemoteEphemeralKey":"BfX5qOTaDJ0aWUPIxQcXkmA/xGUEkIrkzfo0CKXboDl2","previousCounter":0,"rootKey":"iRgM546giUgcd+AIQqyrLXmftk1/Grf8Ciua+wLtolY="},"indexInfo":{"baseKey":"BU1X1NhHMeExqz5j5yCDeW17qA6uVIpy93xLvZh4Sp4r","baseKeyType":2,"closed":-1,"used":1732681542585,"created":1732680775343,"remoteIdentityKey":"BYrlvrHE5q8qFpRjFabmRhkZhZZtZh9ovPZMN05RZUxj"},"_chains":{"BUcnM3XjZooP/FxpLRm5FxRnjOPyLXhHPAsK4fEHLtps":{"chainKey":{"counter":0},"chainType":2,"messageKeys":{}},"BfX5qOTaDJ0aWUPIxQcXkmA/xGUEkIrkzfo0CKXboDl2":{"chainKey":{"counter":13,"key":"vperaDo53BlkoxgtkkhW254BB7wEd2BQIcMwkKr9bRc="},"chainType":2,"messageKeys":{}},"BaQtAMHkpi2XDOddoL4z2iovkCAK17NbWfBc2hp/SjVI":{"chainKey":{"counter":-1,"key":"p40jZJKQxjak9GXUxX9dujTEtlkyJhulU9wj2wfYB04="},"chainType":1,"messageKeys":{}}}}},"version":"v1"}