{"_sessions":{"BYdhlZLCw9EuWKWfAUX4A8RlHnfCmMpJSAmZ3NN8vEhU":{"registrationId":1916253887,"currentRatchet":{"ephemeralKeyPair":{"pubKey":"BTm60RW97ivktTM4jn2RH/3sosTNBCiUGIYOMJRjY357","privKey":"KFi80bdxaCUQ3qWJc0+90eGYE6QFM0sTcaQmkntNx0Y="},"lastRemoteEphemeralKey":"BUu9XXQgY1eYAuRyHEnTRGADw6wuT2rx6BQJe7aKxMA+","previousCounter":0,"rootKey":"4GXwGnloccbKaOuLPo6QS5G2wgQH3yR6vozohM49bG0="},"indexInfo":{"baseKey":"BYdhlZLCw9EuWKWfAUX4A8RlHnfCmMpJSAmZ3NN8vEhU","baseKeyType":2,"closed":-1,"used":1732681837400,"created":1732681837400,"remoteIdentityKey":"BZ7bGWEqpYTP0XCAUnNucOvO20LhiLN2XxhuhCvpoLJ6"},"_chains":{"BUu9XXQgY1eYAuRyHEnTRGADw6wuT2rx6BQJe7aKxMA+":{"chainKey":{"counter":0,"key":"uyVYFSTKCu4NtW7XKUbuWB+J1Q11892ssKlry766Qi0="},"chainType":2,"messageKeys":{}},"BTm60RW97ivktTM4jn2RH/3sosTNBCiUGIYOMJRjY357":{"chainKey":{"counter":-1,"key":"pYyWo6IKKldbDBsWz0hEV2FZSJLO+WYFKgKoxAX0F74="},"chainType":1,"messageKeys":{}}}}},"version":"v1"}