{"_sessions":{"BbHYfK7eWE882dNma8033xv3sucHj45aKoweBcFySC4W":{"registrationId":1416447677,"currentRatchet":{"ephemeralKeyPair":{"pubKey":"Baa52dfllYJ1BVq2zdDyKby4Wpzz428CdXAzNlf7VRol","privKey":"2DQk69OH0Uu8HUO37RzCeGpo1Vi45DDfwkbMJzcpumQ="},"lastRemoteEphemeralKey":"BcIoBFLHbYzXY+yzeZ7P0MA2V9kJA09XfJsGTMvbxCcQ","previousCounter":0,"rootKey":"gm3LW0toGpJ6vaAz1GlAwPpoztEBfq+GKHINmZ7E0IE="},"indexInfo":{"baseKey":"BbHYfK7eWE882dNma8033xv3sucHj45aKoweBcFySC4W","baseKeyType":2,"closed":-1,"used":1732681133857,"created":1732681133857,"remoteIdentityKey":"BZbWiVS04gB/UhdOaIt4541KZrYketByd5NIPHRGF60W"},"_chains":{"BcIoBFLHbYzXY+yzeZ7P0MA2V9kJA09XfJsGTMvbxCcQ":{"chainKey":{"counter":1,"key":"6iQbDLX4Ehhl4UMbQCO5g3Wcq0qk4TLEUkDlQcC73qE="},"chainType":2,"messageKeys":{}},"Baa52dfllYJ1BVq2zdDyKby4Wpzz428CdXAzNlf7VRol":{"chainKey":{"counter":-1,"key":"hvHJKA3iG7/i+SeyUEy2BZx+dLCJpLzpwxxj46ZGyys="},"chainType":1,"messageKeys":{}}}}},"version":"v1"}