{"_sessions":{"BXqlNuYEPakZDAd1zcAo0jlNk2gMU4NFh7yRqkZ16MQ2":{"registrationId":167,"currentRatchet":{"ephemeralKeyPair":{"pubKey":"BSw/5Fi7KsKJz/Xz9xJZUu8a+meVZrC64gvq+ISSAf8g","privKey":"CDXBdjWUAbwFSPe5HZ3HADwRJppRR91yQ9XxGE0sElU="},"lastRemoteEphemeralKey":"BYSh/hD7Laea7cHotlaTdnrv7qhaGddiWXy04xnhr0pj","previousCounter":0,"rootKey":"yu26yRzUZ3i9hPM13jB3QsoWF0++cTpwikz2yRF5290="},"indexInfo":{"baseKey":"BXqlNuYEPakZDAd1zcAo0jlNk2gMU4NFh7yRqkZ16MQ2","baseKeyType":2,"closed":-1,"used":1732681091974,"created":1732681091974,"remoteIdentityKey":"BS9AWPbnLA/hU2dSyFGe7nnr6B2+m9huIM5BBU2ewNYy"},"_chains":{"BYSh/hD7Laea7cHotlaTdnrv7qhaGddiWXy04xnhr0pj":{"chainKey":{"counter":0,"key":"PNoC4W2KDiq4en3RofcW/ZwtgKymbdk99+lwcZuTbgA="},"chainType":2,"messageKeys":{}},"BSw/5Fi7KsKJz/Xz9xJZUu8a+meVZrC64gvq+ISSAf8g":{"chainKey":{"counter":-1,"key":"xJX81m/W8r8RBKlRP3LdhHXTjtH8n+WgZ5SVrsz6ytI="},"chainType":1,"messageKeys":{}}}}},"version":"v1"}