{"_sessions":{"BY69BEM3b3KMCtVj1y4jNv+Myn6RlzxKgkJpg39D4D8n":{"registrationId":141,"currentRatchet":{"ephemeralKeyPair":{"pubKey":"BZg8kf97DmdV/i3JuWi9f35Tc2AMydiXs7q9pg/clJJj","privKey":"GOZdBBhAvHEDl3+9HSgf4yYKLa40nn0TlRQTsuJCY38="},"lastRemoteEphemeralKey":"BcITp6+5fdpsvo/KAWqrGeuLHZchdoayhdeWMN1K5T5W","previousCounter":0,"rootKey":"Uuog1tABnQQrX4wQt1Tbwxmxi+tnuWpqWZ/+jon/Ylk="},"indexInfo":{"baseKey":"BY69BEM3b3KMCtVj1y4jNv+Myn6RlzxKgkJpg39D4D8n","baseKeyType":2,"closed":-1,"used":1732680974366,"created":1732680974366,"remoteIdentityKey":"BU7QXIN+fPOtPT6pMj74S8VSxEYCUdEbC2dv85og4qVd"},"_chains":{"BcITp6+5fdpsvo/KAWqrGeuLHZchdoayhdeWMN1K5T5W":{"chainKey":{"counter":8,"key":"IjoQ0Ftv4ugj1EwgyDcNh8bzA/Tknf2WvYt4vawFoUw="},"chainType":2,"messageKeys":{}},"BZg8kf97DmdV/i3JuWi9f35Tc2AMydiXs7q9pg/clJJj":{"chainKey":{"counter":-1,"key":"5MVQisDdkyCToCMv8uMYswpBLgmkaASBdfVBF6WfK3s="},"chainType":1,"messageKeys":{}}}}},"version":"v1"}