{"_sessions":{"BRGtK3Q7lEb5EIpa57LvsFjYCi+FWiZnOWbYDJd3dHw4":{"registrationId":1985934851,"currentRatchet":{"ephemeralKeyPair":{"pubKey":"Bf5wQk3NKts7p4o8lDq3dXdfkp1rTmljl5ehW7Cnjkhs","privKey":"yMbmu8we2nnChRRjbtb+IdndfM/F4wewjL8iLPqKplA="},"lastRemoteEphemeralKey":"BRiaKuaesJlLo3LoPfo1YqFqxKVVZ7/Hau7o7Mqa8ZV5","previousCounter":0,"rootKey":"20YvVE4gjtfjMOXSfgbAS/desZP5jttYPRhfz2+xrBU="},"indexInfo":{"baseKey":"BRGtK3Q7lEb5EIpa57LvsFjYCi+FWiZnOWbYDJd3dHw4","baseKeyType":2,"closed":-1,"used":1732681413311,"created":1732681413311,"remoteIdentityKey":"BT7L9q+tSw3JHKEz+24ug77a39NIY7AWYOZU8joYgutk"},"_chains":{"BRiaKuaesJlLo3LoPfo1YqFqxKVVZ7/Hau7o7Mqa8ZV5":{"chainKey":{"counter":0,"key":"Gf1iKZpsyKOGcKPd9UQfVArsX2BDiMTbHexvRZenhkc="},"chainType":2,"messageKeys":{}},"Bf5wQk3NKts7p4o8lDq3dXdfkp1rTmljl5ehW7Cnjkhs":{"chainKey":{"counter":-1,"key":"COqORECCy8MP1WN5SuQM8zqPvj7bNVBKnF+LJbDNIuU="},"chainType":1,"messageKeys":{}}}}},"version":"v1"}