{"_sessions":{"Ba0qz56SMBSsT8qGCuanFGWUSKpI0AWbH8m84Iyfs6lg":{"registrationId":1368388399,"currentRatchet":{"ephemeralKeyPair":{"pubKey":"BXiIFVeSjXz+ovS8MfPV1hux9+HetoBZBivM+DBUXzIf","privKey":"MMcuhu9qrnj03TH+rZo/P/4B4oHo3FfKYg8qXh9OClI="},"lastRemoteEphemeralKey":"BfNGqUURikO3DBJ02QcjHCPUz54lNbae7BThGHxuRnl6","previousCounter":0,"rootKey":"0u5/P5sajwx7U6rRdVgdM4RC83AWcXlRql7lrOkwrbo="},"indexInfo":{"baseKey":"Ba0qz56SMBSsT8qGCuanFGWUSKpI0AWbH8m84Iyfs6lg","baseKeyType":2,"closed":-1,"used":1732681593066,"created":1732681593065,"remoteIdentityKey":"BZFXo8Rpwkn5P0FOazoC7razdIHqy5ydYF9inaiq2d5F"},"_chains":{"BfNGqUURikO3DBJ02QcjHCPUz54lNbae7BThGHxuRnl6":{"chainKey":{"counter":0,"key":"F2qSqnVTfuJW1y/jZjyPJAdUG+GlmaUzO5pRpeB2h3o="},"chainType":2,"messageKeys":{}},"BXiIFVeSjXz+ovS8MfPV1hux9+HetoBZBivM+DBUXzIf":{"chainKey":{"counter":-1,"key":"x+ZvAQydLgK4/9twe/1AwGvjSP+NkM6jClgWWu0hnRw="},"chainType":1,"messageKeys":{}}}}},"version":"v1"}