{"_sessions":{"BUCa/2JUMI4RkgM0zdjmOT6x/cLHkP0oBkBzz7jLY1hv":{"registrationId":84,"currentRatchet":{"ephemeralKeyPair":{"pubKey":"BW9Lb0RFJwExuwGunoMZbiVEsanE1eBcp1i5lpcrtL0g","privKey":"CObq7t8MDHXxFxQilqUMXppbhklvtIBC5UUrmjXNkV8="},"lastRemoteEphemeralKey":"BSHV1cQMpTtoZvl4M+GciB+Ry+p85t7NkXc0gOkjgmpk","previousCounter":0,"rootKey":"8CHLdDtnTBt1dNULSJC94eT6USo0e+ow3U+SJsu6jHg="},"indexInfo":{"baseKey":"BUCa/2JUMI4RkgM0zdjmOT6x/cLHkP0oBkBzz7jLY1hv","baseKeyType":2,"closed":-1,"used":1732681091883,"created":1732681091883,"remoteIdentityKey":"BZwNW8eapEC3n5E/KeFoCDoSxjBXxu+yo06hBpQmRUsE"},"_chains":{"BSHV1cQMpTtoZvl4M+GciB+Ry+p85t7NkXc0gOkjgmpk":{"chainKey":{"counter":0,"key":"wnLLkvNaCvx1s8LReABoj8sWHj/mY+eOXEt1lwbtdxg="},"chainType":2,"messageKeys":{}},"BW9Lb0RFJwExuwGunoMZbiVEsanE1eBcp1i5lpcrtL0g":{"chainKey":{"counter":-1,"key":"WeGoEkT34hkvSbB3hW8YI9VdgYPRrPUGlAYaG0gWTG0="},"chainType":1,"messageKeys":{}}}}},"version":"v1"}