{"_sessions":{"BRupxU+UqsMGntd17/7ilVOrO7QiDgil3zvNoC1gectO":{"registrationId":966982029,"currentRatchet":{"ephemeralKeyPair":{"pubKey":"BeiXs+RAptBwTRawf7EvPt3qYTb8zuQ7z44gYIoVRYoq","privKey":"IIVMLnpq7NB70LuitkcGsqyHdScBAJcZkanwRdFsCUw="},"lastRemoteEphemeralKey":"BQO+ea1amrJtC08Adkdl7wo+5lHDRSjYloJr+9pCLkhp","previousCounter":0,"rootKey":"64tZAQCgqkfaaLYoU5r27LCnAvICAhpEvmdPyvPJgo4="},"indexInfo":{"baseKey":"BRupxU+UqsMGntd17/7ilVOrO7QiDgil3zvNoC1gectO","baseKeyType":2,"closed":-1,"used":1732679992459,"created":1732679992459,"remoteIdentityKey":"BaYssh6YBTZL3aTZaWetCzevrwbmWIJbWMEfYZdul34S"},"_chains":{"BQO+ea1amrJtC08Adkdl7wo+5lHDRSjYloJr+9pCLkhp":{"chainKey":{"counter":0,"key":"dSdUn3MBwuYnRmDlWGjfJm8vVA3kgqnfSbuHz7g/gJw="},"chainType":2,"messageKeys":{}},"BeiXs+RAptBwTRawf7EvPt3qYTb8zuQ7z44gYIoVRYoq":{"chainKey":{"counter":-1,"key":"f+J1wpSFO1NwvPLU9aFD99d7wQwGL4dUlv0dZirXssg="},"chainType":1,"messageKeys":{}}}}},"version":"v1"}