{"_sessions":{"BbJ/7/cGiimqxLUUd2B7AxfGiGDEciTwrbpD8j+SzFwI":{"registrationId":10,"currentRatchet":{"ephemeralKeyPair":{"pubKey":"BWad4GkaKbGUyifnRqqoGiQlj8D+A6hTOkxr91YULoRE","privKey":"MP6s4GOSK6aYnEgiOhTImc5T91iOq8thX3RZollOhVI="},"lastRemoteEphemeralKey":"BZCtK0G1q79dkbbzbsvjCdSAXlX4U+Yg5etBRunFhEUP","previousCounter":0,"rootKey":"queuKHc/t0Er8YbvgugieQLgjjMja8cWklw5YG+/hL4="},"indexInfo":{"baseKey":"BbJ/7/cGiimqxLUUd2B7AxfGiGDEciTwrbpD8j+SzFwI","baseKeyType":2,"closed":-1,"used":1732680990965,"created":1732680990965,"remoteIdentityKey":"BeAWh3XCd9ULGxXAnY4fsPtbuapz0HAPADFHXE96nagJ"},"_chains":{"BZCtK0G1q79dkbbzbsvjCdSAXlX4U+Yg5etBRunFhEUP":{"chainKey":{"counter":0,"key":"aOqqf/ZSvB9D8QR8VFp4T4d6X7jKS/5PdLWJpRe56wE="},"chainType":2,"messageKeys":{}},"BWad4GkaKbGUyifnRqqoGiQlj8D+A6hTOkxr91YULoRE":{"chainKey":{"counter":-1,"key":"GRH5GA+hlzQL3n1xqQyUkEgNcCP2MCjoNwCcJ7zOy5Y="},"chainType":1,"messageKeys":{}}}}},"version":"v1"}