{"_sessions":{"BR+7J5i0ruPv72N5bXT3+XnmPl4IygYqXX0u6QglHyQg":{"registrationId":1536486728,"currentRatchet":{"ephemeralKeyPair":{"pubKey":"BVMApJ+4cPnW1utyxWYc4RfIUO+nKpxGOUuoAyg79osb","privKey":"GJddFMwWIsHzbHQZ9L0qXL4LDCX4HA9JpLmYV3YcUm8="},"lastRemoteEphemeralKey":"Bah4ViqZfpciGZNJJ0EaIMp5glO6AhnkUHFo7GnvU5pS","previousCounter":0,"rootKey":"TRQgMqj6b0T88gRUdWMZXtPo8VOGvJPCoKtPAZqN7Lg="},"indexInfo":{"baseKey":"BR+7J5i0ruPv72N5bXT3+XnmPl4IygYqXX0u6QglHyQg","baseKeyType":2,"closed":-1,"used":1732680973590,"created":1732680973590,"remoteIdentityKey":"Ba+vefWAcvWg8TIKj+G3EFy+Bwk8J+CWJHkW4zNFwD4r"},"_chains":{"Bah4ViqZfpciGZNJJ0EaIMp5glO6AhnkUHFo7GnvU5pS":{"chainKey":{"counter":0,"key":"eIga5/ezdLjXTXOEtun7vcsnkCotb4/DhD9EbFlnqJE="},"chainType":2,"messageKeys":{}},"BVMApJ+4cPnW1utyxWYc4RfIUO+nKpxGOUuoAyg79osb":{"chainKey":{"counter":-1,"key":"SWn9I2DSPM7ZPlPDDMRQT2xX1Kwe6QVQc0S3o409yBw="},"chainType":1,"messageKeys":{}}}}},"version":"v1"}