{"_sessions":{"BUIx3NYfTRd2zgUt1RzTMMXSSbzCeDQvSplsn8p3fDIx":{"registrationId":1082895592,"currentRatchet":{"ephemeralKeyPair":{"pubKey":"Bd/bB8G8upBLoGKj7Ls9+7apNIsb87yWy3JszG+5g/4j","privKey":"cA9eM3Gq3vhmq4GRT6DQOtCU8SLfBOVO9Ubyhtpx31k="},"lastRemoteEphemeralKey":"BZyKoi9CTWzxzYrvkE1pYBJOmmAEo5Olat2c3A6cFG52","previousCounter":0,"rootKey":"wimkG8IGJ6IgfcvnaXHG/J25sS5oSWh/ncY49X0dzMU="},"indexInfo":{"baseKey":"BUIx3NYfTRd2zgUt1RzTMMXSSbzCeDQvSplsn8p3fDIx","baseKeyType":2,"closed":-1,"used":1732681883798,"created":1732679721023,"remoteIdentityKey":"BTJB/k6Va9Yz81UBZf4clM7a49kBDdHQEs9erTRJ5kN1"},"_chains":{"Bd4dbu7UtjuPQrPI52+n1wl5R/MgyK2tXpVZCEXdEAES":{"chainKey":{"counter":7},"chainType":2,"messageKeys":{}},"BVkERYKQDVKF9USsSs7LY4ENMB+C0FhKo98xU3jdzAF6":{"chainKey":{"counter":1},"chainType":2,"messageKeys":{}},"BZs610RBrlFNVWfaf5Lv9fdMPw7XOSrssZfERtp1yUUQ":{"chainKey":{"counter":0},"chainType":2,"messageKeys":{}},"Bb78JWMX/j1UPqCwLVMZbjpB8RWjLLT97b6zaPnL9oh0":{"chainKey":{"counter":0},"chainType":2,"messageKeys":{}},"BTiVjqlRhNAGIxmOJ4YHnHjs5bmvd5fgwU7MYTnXXMEV":{"chainKey":{"counter":1},"chainType":2,"messageKeys":{}},"BbeT+GDCWi9YNW5jCFuegXoUCcmF1RlwcS02jJKI0V4R":{"chainKey":{"counter":0},"chainType":2,"messageKeys":{}},"BfgKEahsyL8QWtgS/uclqDV99SfctRW/P/Dw/8pk8ox8":{"chainKey":{"counter":0},"chainType":2,"messageKeys":{}},"BZyKoi9CTWzxzYrvkE1pYBJOmmAEo5Olat2c3A6cFG52":{"chainKey":{"counter":0,"key":"KFKmSjLQqamh3vRVXNWRGFFBKynA7zPTYxcS7qd3pIc="},"chainType":2,"messageKeys":{}},"Bd/bB8G8upBLoGKj7Ls9+7apNIsb87yWy3JszG+5g/4j":{"chainKey":{"counter":-1,"key":"elAsDjFS+GZgmQBf40PsNevvyG/kgWCkNBxHvEujOLg="},"chainType":1,"messageKeys":{}}}}},"version":"v1"}