{"_sessions":{"BUqweOtUCn1O6FfhegDcXnTNFVfWAgLmth5Fbj8IfqFI":{"registrationId":1333526472,"currentRatchet":{"ephemeralKeyPair":{"pubKey":"BZW0oux1EGyY5Y2mya+495uyu6uICf8nHTQHqvbKABAw","privKey":"GElRkaF61v6mJjlh9yZJig9fTOB71y8cAIvyR/HsFV0="},"lastRemoteEphemeralKey":"BUWONC+JLHyClVfAQHHJNXor8Dwll+qTW+PQTOhPAvoY","previousCounter":0,"rootKey":"qVKpkbFudA6ecROoJ+VF3zA9HXXKrIA1nNNp3jLFKw4="},"indexInfo":{"baseKey":"BUqweOtUCn1O6FfhegDcXnTNFVfWAgLmth5Fbj8IfqFI","baseKeyType":2,"closed":-1,"used":1732681546146,"created":1732681546146,"remoteIdentityKey":"BXwr8vbWH0ncW80WRczVyeanu2rhPvtZtrfLOwWpfbAJ"},"_chains":{"BUWONC+JLHyClVfAQHHJNXor8Dwll+qTW+PQTOhPAvoY":{"chainKey":{"counter":0,"key":"jkfBXtBwc4M6tc/JC/orMxyaoURFl/+e7DMtiye31GE="},"chainType":2,"messageKeys":{}},"BZW0oux1EGyY5Y2mya+495uyu6uICf8nHTQHqvbKABAw":{"chainKey":{"counter":-1,"key":"x7ppZHVFpThkH3yPcb4nIY7r9I5KKTwUOQ/vn+G4Efo="},"chainType":1,"messageKeys":{}}}}},"version":"v1"}