{"_sessions":{"BXrHZhx5Ilpp8a/nLoG2DmEIqwgfQYDoippjDWjQUqtM":{"registrationId":291463963,"currentRatchet":{"ephemeralKeyPair":{"pubKey":"BSeZ/xS1jCmyr440IOpFslcIWfe2omvWtamX7ZU1Zu45","privKey":"uGMWdtnvE72aw0bsidhTUFHhEh+ymtUW8tBP4HgQ8Wo="},"lastRemoteEphemeralKey":"BSYnm7vuyfH5v7vESuC9GmxvLWgQoL37CfYuHSIFTht6","previousCounter":0,"rootKey":"ZgiBg8AnMWT0cvmEZr0IRsvyraSquDvccceqcxQbEeQ="},"indexInfo":{"baseKey":"BXrHZhx5Ilpp8a/nLoG2DmEIqwgfQYDoippjDWjQUqtM","baseKeyType":2,"closed":-1,"used":1732681871662,"created":1732681871662,"remoteIdentityKey":"BZj5PYpWGSZBZ0JXwHl2/jbyC29j4OdJTrhiliiO1y4d"},"_chains":{"BSYnm7vuyfH5v7vESuC9GmxvLWgQoL37CfYuHSIFTht6":{"chainKey":{"counter":0,"key":"LjozNJNIJR/cr2/9fY0MdfcixYsiX7RW32O/lcjv9xo="},"chainType":2,"messageKeys":{}},"BSeZ/xS1jCmyr440IOpFslcIWfe2omvWtamX7ZU1Zu45":{"chainKey":{"counter":-1,"key":"pHwvpzHE5BSjldexC9U2yJghTcra874WqA9PuE3E3jw="},"chainType":1,"messageKeys":{}}}}},"version":"v1"}