{"_sessions":{"BQO+x8Y+rd6/YNZyKJvpzYA5PYBI6yS5YpwDhvDK01Yz":{"registrationId":930620003,"currentRatchet":{"ephemeralKeyPair":{"pubKey":"BfSZATngHfJd9bJdR545NZMSO8T1cazzYZfKUy4XtEY1","privKey":"IN37U4hte0DAcN5xaorHLr/cDOZbt4sMqaTBqWZwAGY="},"lastRemoteEphemeralKey":"BZDY1Mz131IcdUh3JwkLUN0NVOzzjlue0xCjxwbYvJpa","previousCounter":0,"rootKey":"hQrvYgRmloweQC8I+SlUxskVccGQZiFlz1Nsryz8obA="},"indexInfo":{"baseKey":"BQO+x8Y+rd6/YNZyKJvpzYA5PYBI6yS5YpwDhvDK01Yz","baseKeyType":2,"closed":-1,"used":1732681891472,"created":1732681891472,"remoteIdentityKey":"Bf0pOD3qpleiIaY8x5F3mba7IwUcMfsmwFzr5ueyzFYP"},"_chains":{"BZDY1Mz131IcdUh3JwkLUN0NVOzzjlue0xCjxwbYvJpa":{"chainKey":{"counter":1,"key":"qtnuJx7ysPLJ/29toQMjtOT3J4EIIfT8r3SgqIQv/T4="},"chainType":2,"messageKeys":{}},"BfSZATngHfJd9bJdR545NZMSO8T1cazzYZfKUy4XtEY1":{"chainKey":{"counter":-1,"key":"uYvtMpTugzK9uIQoZjznyg3Lf64nVpFkKgU3ZVMWX8A="},"chainType":1,"messageKeys":{}}}}},"version":"v1"}