{"_sessions":{"BSSlZ6kd9DnWAxKzvcID4BO0h0/faWWQeAaZPl6vn4oI":{"registrationId":778915277,"currentRatchet":{"ephemeralKeyPair":{"pubKey":"BQEcwoI47trm66WbSRanwd9RJb6JEJk8yOppTeQAAO1Q","privKey":"yFhTDxIn0efh/9XTM9J9+ptA6QpcldNxHUZS0aU2iHU="},"lastRemoteEphemeralKey":"BXCcAoPZbpehRFk8svo82MsDTh02c4wXeVtHotZ1xbtA","previousCounter":0,"rootKey":"OuozpsBC0pGsLHnkk5miY0T5dsEgVBcKzKRr3lWss3w="},"indexInfo":{"baseKey":"BSSlZ6kd9DnWAxKzvcID4BO0h0/faWWQeAaZPl6vn4oI","baseKeyType":2,"closed":-1,"used":1732680435720,"created":1732680435720,"remoteIdentityKey":"BSgm/N9dT8QaNrgzDarifO/1+CP1m3Bsm1tiAEdSET8f"},"_chains":{"BXCcAoPZbpehRFk8svo82MsDTh02c4wXeVtHotZ1xbtA":{"chainKey":{"counter":0,"key":"uEAs7qf5wYJhvFcnXF5Nz0F7tbtPZEBrzxhF6mn6RUQ="},"chainType":2,"messageKeys":{}},"BQEcwoI47trm66WbSRanwd9RJb6JEJk8yOppTeQAAO1Q":{"chainKey":{"counter":-1,"key":"GKDiByngKVwseKcA8kGqPL6IbZZXSuzT20anpis57FI="},"chainType":1,"messageKeys":{}}}}},"version":"v1"}