{"_sessions":{"Bf22dQvbLzRemXZ/cXxeRmHHIQKwwnzP0zx2tuNihllk":{"registrationId":1520353918,"currentRatchet":{"ephemeralKeyPair":{"pubKey":"BVVaB8ZVJ3CVaUpRFHbHye47pnkkRJPXUBc3v/K9iehj","privKey":"aKgSV++WTKYpAqyUp3TTx8Cr7kA84Ow5CHZvemBNWHQ="},"lastRemoteEphemeralKey":"BYJ8OJhnr6W9uUfelYrWODYc7RB5knQtw5jvw69ahhsK","previousCounter":0,"rootKey":"n6vvle3C1AqXQLGL0DfZF/NjJobxZCgCr5i7WmXxe4M="},"indexInfo":{"baseKey":"Bf22dQvbLzRemXZ/cXxeRmHHIQKwwnzP0zx2tuNihllk","baseKeyType":2,"closed":-1,"used":1732680442265,"created":1732680442265,"remoteIdentityKey":"Bb/v5RE5/1A+96aK/Xu0qzZaIdxB0tfNV8I7v3kR+r8D"},"_chains":{"BYJ8OJhnr6W9uUfelYrWODYc7RB5knQtw5jvw69ahhsK":{"chainKey":{"counter":1,"key":"p47uL1V/m61i/2Rw8HCD7K5LSE61eDkXdtXNCf6avxI="},"chainType":2,"messageKeys":{}},"BVVaB8ZVJ3CVaUpRFHbHye47pnkkRJPXUBc3v/K9iehj":{"chainKey":{"counter":-1,"key":"LRIuajliHH6ic/avIKYVYzhyQR7dzSXsUvtyGwzsBBI="},"chainType":1,"messageKeys":{}}}}},"version":"v1"}