{"_sessions":{"BeqEGZHFQWIRmd+5kcPAdaGL5RZrtyWZQi3LRU5zZqhv":{"registrationId":965823632,"currentRatchet":{"ephemeralKeyPair":{"pubKey":"BXqCi7W9d2e+Sc4h9228cMa1s0fdq0ctvluYBPJEfHYs","privKey":"cM1ZNKgWAonp5nBjdDKj77ZOE9UnUn6ugiq1Nbjfw34="},"lastRemoteEphemeralKey":"BexJYVkg6hNz8Aaxy6XVZuYWBr6Xw7/IBGdK4gYMa+o/","previousCounter":0,"rootKey":"xDFhe8jCd7nVChp/x8VGoH2iR/FujoHBD3EjgLIabrw="},"indexInfo":{"baseKey":"BeqEGZHFQWIRmd+5kcPAdaGL5RZrtyWZQi3LRU5zZqhv","baseKeyType":2,"closed":-1,"used":1732681765043,"created":1732681765043,"remoteIdentityKey":"Bc3Sn+PEysv+A31bIvb2j2Stie8+mJG6/pJRSdwPt/Yg"},"_chains":{"BexJYVkg6hNz8Aaxy6XVZuYWBr6Xw7/IBGdK4gYMa+o/":{"chainKey":{"counter":0,"key":"lxat9B2bKZbaadBgFzAFO+ofRx+5O51R7xoaeBCqr+A="},"chainType":2,"messageKeys":{}},"BXqCi7W9d2e+Sc4h9228cMa1s0fdq0ctvluYBPJEfHYs":{"chainKey":{"counter":-1,"key":"zM8gUBOOKA3hsu3Bo60mFtb8Awjz5cEd1iLcR4UlAZE="},"chainType":1,"messageKeys":{}}}}},"version":"v1"}