{"version":1,"hash":{"type":"Buffer","data":"Mz3edtEUsoaLnsQmzWbtMENV5i3g9n/DWOPc3QSmU2kscgXOjEv2wGkVBRpEk9Wh9jGdCcCe8z6uZ0Ok7AhprgGQTfms2sHw+tlMwjvkCxbf5oiuV9jHrAZlaetjHNe0vCPCzKKmo3x+oZQC6NaEtl8gsEfncQT6KYtkvSNsbSo="},"indexValueMap":{"hCxhEassOrJAAlVO83TF4PjYVjUv8OwNN0sPPCrXJiw=":{"valueMac":{"type":"Buffer","data":"li03q/u9bLs3ORfxxJYvaziZZkfTPCiJpOxLNZUJ0OI="}},"NGpXl+EdAvwHdnZOvVn005E+aAMfOCfdrd3YsqRg7H0=":{"valueMac":{"type":"Buffer","data":"s/Q8uvOziSgxSfCZsz/KaifBxk8BjUP+WbbenRtGth4="}},"W7gJerM5RBET2+x5YWCcq+CaslmTgsL6HdLZRkkxxf0=":{"valueMac":{"type":"Buffer","data":"XDsixdCgj3lA3yQlFUxEwpjr1thszME1SZnF7AQtCno="}},"hUSAx3m/eQ3+4sCVs4COtFdnt5OIpQSTaplSPuAFhgE=":{"valueMac":{"type":"Buffer","data":"njH8XRaiOJiP9Q2Z/R7YTXFJaAg17CloVKC36mdryv0="}},"R9ct4Y1QPtWIGp3wDOAPOgV8iIUCcxQuGTmGABlYVcM=":{"valueMac":{"type":"Buffer","data":"JS9fHgDF+sMCYUrGHaLS3pRmgzBNDOrwQtTUVVHKH60="}},"qVNBeaYb5h2SGRn0wiy4yXfDDC5+uNWRJahvj3F5ZjM=":{"valueMac":{"type":"Buffer","data":"jT6vF7PxDLlTKkWlwwnD0UuKMuNgwJ9zHLFtKk3C3OI="}},"AkWP+StQnOghG1bj8Cfqvx8p2dSrBGu959yMtwabh8o=":{"valueMac":{"type":"Buffer","data":"d9qTANTl1dFPm215L1c8Eh/2SNqqTIxM5SMfk5h0Dxo="}},"hwrm/nE9qz1ChqHk83Jk4Gg1F5SCZKPvcCYMz7c6vWE=":{"valueMac":{"type":"Buffer","data":"9xAc4lQt+a2OLKiYcpIsCZhTWaECBecf79/rEEdDcBU="}},"KmLqYL75B1xdS/W44AM6ZOAN/nGUfCWFudIGTDpGWoA=":{"valueMac":{"type":"Buffer","data":"gAODvQkLe78lSZj1APtcuHncF0RgxJa0FVb3tWkkLv4="}},"E3jizh7MtA4D2NzhvzJQLTmOIorCwBPTmfyDzGE6264=":{"valueMac":{"type":"Buffer","data":"tJE/7JgAZagev7cUe+BgA3ZNfGEc33c0wXtwKV2YPJY="}},"Vy0mJ0VIuNzdKstfUTKtQs2TygLDVPLm0OXvSlLV9lY=":{"valueMac":{"type":"Buffer","data":"WdIUG8EG8kc/A1B02x+FERNevvZtVIT/f/SMFyamW9s="}},"+xX6670MBbu7I8xWlwSjqSz9EVEMkRh7AblmmjX5pCk=":{"valueMac":{"type":"Buffer","data":"NQQvZBz3FSy04zwdjGTdAQHO3Xa4lUYkLKj90dx6h1s="}},"AvheVxf5RZGCyRIbE99F1xyg6inUDAvXDppg6smNyPg=":{"valueMac":{"type":"Buffer","data":"OBsWlyvF+GtnKKqSQzQsqTmHnRyBY2xIFBhqf1J369Y="}},"jDsFd+d2WsiydufgxEdbisIUHmuBScYk80Y2QUumEVg=":{"valueMac":{"type":"Buffer","data":"j+Z31eaqljiN1o7A0VnH6S152nD12lnlxXWk9A9ap8I="}},"CWUXAoH9jtoSlukM6zEbyFRkA7CVN7vPaPpPtk/5xVA=":{"valueMac":{"type":"Buffer","data":"f0yX6Aw+r7j1k2lKm1yWunW1Gz7PQwNUmPcBhCOJAJU="}},"FI++mjV7xWj1DNNfpmytN91xwVuIQwiclNXrivW/6TU=":{"valueMac":{"type":"Buffer","data":"USpcPzTnwZJAfPNgFaNsjRwfffUT7m05kdOztEVqiIE="}},"6Pmy9u6KJY6wSPfVCLTBactMElSTgL1Cby7Z4J++3BY=":{"valueMac":{"type":"Buffer","data":"LYXhpF8Vb0OpVoTsj5RyKb1DLCKT3dY5i0y8vZB7QwI="}},"3hz81FCyBF8WtWLGoI/95R8XBIDn0zF78WYFmEPpCXM=":{"valueMac":{"type":"Buffer","data":"xl8I84wlpbhWkBG7/F+/Y584BdgBZji7IXR6RLYpd68="}},"L1GYCPz9UhK2e5V/kaZ1OZ0xclL+J5kjrteNElqJ5xk=":{"valueMac":{"type":"Buffer","data":"A7cY49EwJa/kFRqdV2zORFjKQRe2+o14s4GQwzIw4UQ="}},"0jjWwVkspjiA5LmqFmuESr6JQKriUwYHTBBo8En3ksk=":{"valueMac":{"type":"Buffer","data":"Sn9CR7V1TtTrIq15TdKB9qzUGH1tTvOjR2zGjuXhFPo="}},"BqESV68q4z7Zyv4jJOI8ozBnB7b1vxepau4KtkXcV2E=":{"valueMac":{"type":"Buffer","data":"Tmi31lD/kgXs8PiwkYnCSNvKRy/m77YfaG0Wkul87gU="}},"EAdDKnxqWqsCD/5igtSofS0Imzw81XEbn/UwTi1PKpw=":{"valueMac":{"type":"Buffer","data":"oTSrq5NHJ6/euNyaYjKpz2rOXsjXF5VScnq/zR76F3A="}},"u0d64cUvyugjXIDndP7PDD9gqLiAcns0+02gzI0yTqA=":{"valueMac":{"type":"Buffer","data":"29R4+7qwzUzu7Tmxmq2DTK45J1EOL1AxTB2aJnrsUJU="}},"GOCVtZX+QirPmD8oTN4xwYSOrsgOyN8obMdKMcd7m2o=":{"valueMac":{"type":"Buffer","data":"4Zgn5UUZIlqpAcUbNtF/8f/0a+FA0En7dOM6mdlUOb0="}},"sqlFIttPKqj4c9IYB/2YIsRMVb2yZlWghlb0H1NlhOY=":{"valueMac":{"type":"Buffer","data":"xfsUz3ZutV54ccgOEnboMSSEqdDzQhXdwnTp2fZL1iY="}},"CxP8K70NyPp127AxUpE6YgIMMInTj+YBQ8BMmxRbYZg=":{"valueMac":{"type":"Buffer","data":"Upvf7gzzFUJ7GxrT2ofdisb1g+yfZJm1oS1roLLg2xk="}},"bpD40Jp9GzmPj8kcg6PwjIIA3E2mqdw1IyM/GjJFqWs=":{"valueMac":{"type":"Buffer","data":"QqF9917vaohYCcOdLByppwzUF5MsR93eU5V6XnbYOjc="}},"8Pp1kSkMH2u4AUlnvIisDKaazioQkyryWghjcqtU4+8=":{"valueMac":{"type":"Buffer","data":"/5n1x5c+xzWISAJjza67kP5RSQ3TGkslIG91pGvsDRY="}},"4PSjdh1K1Fxo3qkylxdxeNoLr7vtoIc0qgundL4/If0=":{"valueMac":{"type":"Buffer","data":"tEui5tZo55SMCxqRfY6O5f99NJfDkXvJBVeCIIU7Wns="}},"e+kP+BuYYdPiqiCc+URtHDHSTNA1RmF/BlFhdnSL4uk=":{"valueMac":{"type":"Buffer","data":"2cVUDtRw0RhVkdJpmpmNwfgWs4i8fn5wInmDbHqQamc="}},"8Hk8RQXqlOd/g9HPHdhxy12/ZJ85nQXSmXRkKW7vfM0=":{"valueMac":{"type":"Buffer","data":"j8epz7X8puX78gFBh5HOeVErThdEXY3cDCRI3brOjxI="}},"y8wCNxGPNFTAvOf8uFprGTSpWahMkhpcPJTwSWQNj9o=":{"valueMac":{"type":"Buffer","data":"k0OESVKt4CEkWFYknma+U/AdzpS7sSywC/mUnNDqu1I="}},"sJyWQsN5EsM3a1K4WELEqV3Ix5sSFzf1qXSabrEQ7fE=":{"valueMac":{"type":"Buffer","data":"yc1a8MRcKMV8SAGA8oACscEssjo4jAqXtV1RcYwTczo="}},"K/vi6llCfArLiPRma44O46OVZCgnUyen3eIdiDyxsZ4=":{"valueMac":{"type":"Buffer","data":"GQsxOhEQumhu/CmPX5QZnoCm/iVc5hEI4vDSErFVoDI="}},"4EmfkHcJm3SHCXUKcBLMKRiprGYzq1DIzarGbaMjwA8=":{"valueMac":{"type":"Buffer","data":"jPgDXZAIR4Go3LrnV99+ydd5p6433/oBmlLZ9kzMMi8="}},"3KiT+a4MB+IGsxNkXGCGi/1YAAY5qcl1gVn95X4Dfhs=":{"valueMac":{"type":"Buffer","data":"x/+LFUQMnCFCciny1kZBbp/FC5LqJn0MXUt9OJSeVPo="}},"M/TYR3J+/jj5/5mW61bqzrRWn7mjU9wjYPh+MPoYflw=":{"valueMac":{"type":"Buffer","data":"AfxgNn5lLqcdLlxl5tTL8fWBVuAn4EdEIaIXxW/MXJc="}},"dNqHV7Qn4tEXwJSod/m0MxGtssLok/hv9jDiZjz1GUU=":{"valueMac":{"type":"Buffer","data":"Uaw193PFJwFHKG/tXNjQv17He+NSExB7lGEQRSyTyRg="}},"xhJ3nYtMdfPI9N4BgK00lcpR0J1N+g+XFzudRUjEKwo=":{"valueMac":{"type":"Buffer","data":"yOazv8DMwGnF/YIKaFGPNfuixOZdQPCRLXNWQYGGxQE="}},"6244t7qSxGNPnI7vtaHJzioSA/xAOETUT+WpRrGOcC0=":{"valueMac":{"type":"Buffer","data":"b5DnS6OO3X/MqRvjaVL+8VjRBIPA5JNX/pUqzvDxTAg="}},"gRcFykc5OQY6iTxvjly9hzanvDHpPatsm9FLunZMdxQ=":{"valueMac":{"type":"Buffer","data":"HaB/0SjQ0J3NGvEPcat/wRoFXR9h0829ryNV/lhIhEs="}},"e/fkkM7qKTDFmXA18SfWEfNcMBPRUz3nADUFd6U6bF4=":{"valueMac":{"type":"Buffer","data":"rOD8/Y2LMInAEZkYUONXMtAhcThC5nyIfWvbMq7gfPI="}},"5F34uRXYovfmm7GV7PVcdQy/LBb+NNOG/sEIl2j5nkQ=":{"valueMac":{"type":"Buffer","data":"P0u8FdBOVSGUqrkd8wqL0adjrxgcmDVgJNlVRZAgQUk="}},"CKljidSg0sgyAlTOdVccdoS+qeDHJCpMBrOQOjfw0L0=":{"valueMac":{"type":"Buffer","data":"s2xvPibjYPyZBLNd+AT/JoFeAHtt3OmXZQ4OLFAPENg="}},"6fbyzjoqD46JQYL//AKJeDhRwTRdHEI+hMSmSZn2+LE=":{"valueMac":{"type":"Buffer","data":"gr+eeeMQGgrchMGJ4TLJx+JQ5Jzew+tC0g9PntdszUY="}},"0PQQhQwesG8RJsaBT+8lwkGyeQkzixXyDZWHM1eFe4s=":{"valueMac":{"type":"Buffer","data":"AeSRZjmgbWbQG2q1Qf5AnofFPZzOLnyWDXVi3VkKCwE="}},"Lw/QeLqb6gwcpkFxOAXfjBzP1sFHCqae13/2DeotWLQ=":{"valueMac":{"type":"Buffer","data":"q8dPy9Npb3opuwjosATmc+DA4jCZNS/qxXu6g0BJzHw="}},"UapyQbDfjeNqH2p9dZ4syt2nekXzV4abiVBpsHzZDRw=":{"valueMac":{"type":"Buffer","data":"9/OaQ9mrjmS/uIySj/7pvLyGvD9LPqa1EzCscqjN+Ao="}},"5ntgQk9deeia7V4nzL9722qVZRM/5tcC6NJXDLd91Ds=":{"valueMac":{"type":"Buffer","data":"D/bC5AFdVZYEmhP0JZns4SACYAUJhHBtYcSv8HFuNAg="}},"S1RhJdLYBfu6SmFvtmSWkoK50mgjS+H6qN4z3jCeEV0=":{"valueMac":{"type":"Buffer","data":"JUpERhSJ2lNOV5SGbfjjmpXvNjMk3PVOyKl6xhV2Hec="}},"a02SXGLd0HW9ToCTZ6sxWzButmXotgLUzELjwOoNdlw=":{"valueMac":{"type":"Buffer","data":"7Q3ntIvMIMMTq8Pzkayf/M0OLjiBZWvul58qw/QYGcQ="}},"aYkmxrb+ZSfPN/PhOn8V1FW8kyrUyZ4VTWrVvyjLw24=":{"valueMac":{"type":"Buffer","data":"DB/Taqtggl8Tf9DiRiKV1kIECerv+E5PGaoN9rDROiA="}},"CnefZ+Z/5Ze3HEDSuyEYM+PliSTJrpwOfKhBXYWP+Hc=":{"valueMac":{"type":"Buffer","data":"F17KXyfZsvS06xQ8c9QvhOBHMlj1l/ApUaPFCi5fpgk="}},"jlQ3+IK/0LlkiyoPSB6BganXKoNbQzyF/XLaRf7xf14=":{"valueMac":{"type":"Buffer","data":"1xM6O5NflkZ6qajO3FtaByAEXsOSQNDc4+pJ87Gwjj4="}},"frnjFoii7KesbeiX1ctgmlQj+IzEmQCXAJ0M0xWV97g=":{"valueMac":{"type":"Buffer","data":"+p0nYdKdiYTFkq1GDsRrU0YTLL5nDzgeJbAq5ZR6Wl4="}},"GTQSg+Nr6qtTcWwP0d1RPrQ2CsWQzMuBrnf++6gG4xQ=":{"valueMac":{"type":"Buffer","data":"nP/HhhACDcRJELXx4UlXOAVZtcmefEe3IqSUbMaxIzI="}},"xkdvuUeZtbidz6ZTeigDrvxHbykiKO+6aimHazdkdlE=":{"valueMac":{"type":"Buffer","data":"cNTlfNwau6jscla6t+23JCzA75Ro/ivf/Aa8KfYbJmk="}},"x3y4nHuIKBFI4A6mY5O9L1FtYtwDoAZ8D9ItcqO8mks=":{"valueMac":{"type":"Buffer","data":"hSJpLK64ar/6V7kIfN6BChI4kZNUDxReiuv82hBA+wY="}},"r/y6nEtOJ/yeNN2S4UOvkep0LEkU9oBwbbP36cuhDsI=":{"valueMac":{"type":"Buffer","data":"/gaqkt7vARHoegGrAh7lfmaMUN8B+k7XWmtfNTf4n2I="}},"B9Q58Nqa4kqnlDySsluX9c2xs9kO2cLZRqEHgJKaQ64=":{"valueMac":{"type":"Buffer","data":"HOf46Voc0wthRDRa0SmF8dDr5m0UZxFX6ido0Nm1yqs="}},"jXZrBgmyasnedKAhu0LHZpPDtsy33wxvoE1S9swycns=":{"valueMac":{"type":"Buffer","data":"Ce9KATav0vy8l1Mzeza1AZSnKk3+kJzlliXDQQRKUUI="}},"d67/42wa+h++Se0B4gaXGfj2O7wekK+u7YZv5zO8q/4=":{"valueMac":{"type":"Buffer","data":"qPqXxW6de+gpdlBf2wvbsMdKGPR4ibj2AfyZAfWAnNg="}},"mZGUWnzi+yBbJhuuB+GelmZDXYaxDAAFByh/0wcdQQg=":{"valueMac":{"type":"Buffer","data":"a/to8oa5zAXEJfuFxzY1Fy1P6kkJsks7E1Rs9uwwtsA="}},"oU7+GpT4sGFwEtk9z2NrSUh8Szl8Pd+21D4RiwCsHwQ=":{"valueMac":{"type":"Buffer","data":"LfTJa8/fCN3Qw6VyGxDajsXtjxUUne3xgwKvF/7Oeg8="}},"h7LZcwbagApY1UOx9WyVpaukK/ga9AoqmO+3VzaCciw=":{"valueMac":{"type":"Buffer","data":"ObiGf2b9bT/5cskARO0petmLneGFbYf8Dh/qx/6q5dE="}},"EER81fPQhe+xs9PAzsQ1vKqaKIXVzI9jMRMvg7lqZ7A=":{"valueMac":{"type":"Buffer","data":"uGWzHbfdln9ErUt2CIBiICdRw22gUdxjXcWhR9imXDc="}},"B+OqulDFLERl2bp3H6yBPiHu6kojdYBOZsEuBuJw2kY=":{"valueMac":{"type":"Buffer","data":"YiEM+IAJol/RtiGw69bhIT4P3gg9Wmw2T0pE03VSLis="}},"cmRVzZ1Kl1ZL9XgyL0qco6bssonRrOwSM17fODyt99w=":{"valueMac":{"type":"Buffer","data":"FybArWUPVXKKv7znZJ+sowZa6ZZnX8N52OCbt+O3w0c="}},"NecAJew0w/6LaHC+Matwcbt9Ow/Q9/qdo9mHLiyvp2s=":{"valueMac":{"type":"Buffer","data":"wljxStRs/q1sOcm+3ujpMwTndCBd+iCOHMHQ8dQ0Zss="}},"N+acPPnF6T6QMRzpI31hjTgYJc4L01AOZzRcMepx+W8=":{"valueMac":{"type":"Buffer","data":"Nd3dUITYiukQ0kJqqCFbesjRPWhrR4KX5Nf2/Clgmcs="}},"6bTmg6pOTuD8cgUvFnN1MKqc15xh/l3GgnV8DBZhHfQ=":{"valueMac":{"type":"Buffer","data":"7HjtqPshCbRfJBrsE+wFEHymvVEIy4j+hLlfGpfzTTs="}},"IkqkrMg2kuIZNxzDmRk7m/UVVXK1SpQYZVez+rMAQ6I=":{"valueMac":{"type":"Buffer","data":"3DSetlN5uZBmKpY8+p5Go8aZppvpX89QW5qyV9brz+g="}},"vEvjiP1+plk0o4/GC1M4fPw2EeN6yqoJYsSYq5uwm9M=":{"valueMac":{"type":"Buffer","data":"YLG18UDIAEIlGPldQZsAP2aPuZXkTRtDQYPJ8BH8Kmg="}},"iGW4upsyMedmcbqN/DViXsuxNzLAfKGSquPBSd1rEfE=":{"valueMac":{"type":"Buffer","data":"oMbOtLjgyM63h7ZUAJgWRVxGmNQABbfrTeEGnTts8wg="}},"CworuVqnBC8DnSHxnaS7IuSJlMyb+xBBkhjpMK35oBY=":{"valueMac":{"type":"Buffer","data":"ZG0Err3cQFiMi0YdQ1Ahv6jvz2I0+bKW4ERqV8bmsWs="}},"X6hOubQ538blqU0A261sUATbGUgYllr0FyyrsowtUcc=":{"valueMac":{"type":"Buffer","data":"1UUhmVmuXcgwcpANjK1f5x4AZX8+sFcCJ71ZnBBDqDE="}},"vIqjQHcMpqumcfZfGvfO9PxuTAUQc9QKdfxbsrw8JaY=":{"valueMac":{"type":"Buffer","data":"2r7koyKGJwbdvc9Uq8kvj2NweCjyVsRzfboJrBDNrMU="}},"mspSSMHt9E2a6aiIihAPHFMZSGhB5yVd5pjXFW1zPkU=":{"valueMac":{"type":"Buffer","data":"W+f+RH3P0Z3sDe+xPg2laf9LVL7WXe06XjSdmOwigPM="}},"WNvFt2/64ZVTV3bOpQaYx0bAy1Zf1Bp+TYuUozB1ess=":{"valueMac":{"type":"Buffer","data":"u+3OuRq5vhJKG3Fuj0Mf7uFrBd5ye856EasQF7v6/cc="}},"fbsnWaOkZOR8r35neLGPI57t1b8nB1PoeewCKykXgSw=":{"valueMac":{"type":"Buffer","data":"4vpLc7zDw4sS3BifstX3SH0lpnvDzSHSEidt0hbZCuk="}},"IZDyCgF15chyuTghxETIpHXmy+siSPqXEGFopY91UnY=":{"valueMac":{"type":"Buffer","data":"gseNIybcm8d4RjhVMbUAlKlqflzWRX0JtQy072WhyTw="}},"bZ3SFSe/oVqOw74/R9UN5xlvrWra3b9WcXZZlBAGhcc=":{"valueMac":{"type":"Buffer","data":"ps/HWTHt7Z/X64C+LfQCXyqDdbxki3D6cPEP1m79Hsc="}},"1aGisgJR9REtVjxIbU2wPcamWmrGgsuPxfFWK3w+ETI=":{"valueMac":{"type":"Buffer","data":"/vzQag17Y7Ngz2iGOz/Rzk01/bVgdx15+885DfR7qwU="}},"67Ult8zL+car1qkyVY6N4kC4Jk73qCEUWjgn3Rsrtgk=":{"valueMac":{"type":"Buffer","data":"if2T/8TE4FBnKjAsmoWwnqI8CCiBrv7EeEdYaSBXWik="}},"2DkULaFNio5yz5xgPoGwHdHS2eO6TlIMG1knqTiDU80=":{"valueMac":{"type":"Buffer","data":"MwFU8Ne5n418spkymYtTynUB1sveM3gB0aPzUuYsEDM="}},"Phow/y+QGFdBZV+ezTOeyGLrrDnrwSPcaByccgvIqJE=":{"valueMac":{"type":"Buffer","data":"uhrW3wnt6XqC62RZEZEDNt8asrHTAtu35FOTlo2ZXRE="}},"x7E5Z8cPeSLwPcgFBs1f+l+BUUfYaoVZyl8JuXvxfqw=":{"valueMac":{"type":"Buffer","data":"4wdqyOUo6mjnFYGFCPio+Fyi3QDznOkOmQvuD4eL0SY="}},"OgCFkaH+ZepeV/nEXt6yQVWSEU9GhhrWj2o/PMRuzDE=":{"valueMac":{"type":"Buffer","data":"UtUL77crx+fBvAc0jkIKeleLmrDVweduq1q7mUSN7aE="}},"1YZqIXaICs8myXQPZSlqv5LrR9Q6X8xEQtTNo/gkXtM=":{"valueMac":{"type":"Buffer","data":"uBbBdCx6B8iFn5Z2W+5vZt1OTU/d/CfyHcVAhDX7Dzo="}},"FsZXQYfC+agz1A0gAQmmmSvd1HaQJJJvNqnBHFo+Dss=":{"valueMac":{"type":"Buffer","data":"00V41AdjtxE6h1uFBh9brk+G/zdovydSaV4iTJ+kvjM="}},"PtiRoU0117ifCI9Pn4zxMylUuXXspyVnPo/WMd96Azc=":{"valueMac":{"type":"Buffer","data":"I6Un3B2SsVOTs/TiQ+MNoIJ/gA6L7YnsXbqOCdd8a4c="}},"efnMBv6e+99VvOfDFGIqetngzxDq/2Qahxh8eAvbCpc=":{"valueMac":{"type":"Buffer","data":"3vKPIqVNdS5V5oK7pmrEGDqxe0huUnTopenSkhyjvp8="}},"D/o6BuzNVynuiJtnyt2fmhfr4XHm+F7I2hshCNhT+tQ=":{"valueMac":{"type":"Buffer","data":"IQ6Iq/ZF2oMDiofS9KUsjkgJG/lVqJ1KUAFjs5x9gsY="}},"jt5eVmFsXKxmuPRNEkOM8KjYLCjJrf/yJopARPCNzso=":{"valueMac":{"type":"Buffer","data":"eGSeo0HQtV3tOb/6lWI9Twnq0UTKJ752Huym3nDMCS4="}},"T5ZMdTVbcwCx4yXTDJ2mbrsHSpLOBcuglFaIFEqH4GI=":{"valueMac":{"type":"Buffer","data":"lAEEKpS9l1i+uL8i4uscGbx4MunKTALwchKRZT9GhNY="}},"C8ttkJcrXkChm650Jv3R9ij/VcgVuC6YOqeznzWRq1I=":{"valueMac":{"type":"Buffer","data":"24jwTPwvBkSqC3+Fe68tCPiazY8qDKuCpnxy3decih8="}},"kECSFy9QHKmB3cf1yova49jf1hYXEwYopum76YhFTWg=":{"valueMac":{"type":"Buffer","data":"X7dCop50mkWJmBG7VjaqrxzmQ3zmS5n9lRS9prz7lx0="}},"zD5xjJxXzSMfqHMflzRwsq8guOvdUv0d2bxAKvLKZvk=":{"valueMac":{"type":"Buffer","data":"McBZZIJgZIwYBUFVYY5EzQzQ0c0ITuJTnW+PvKuqfA4="}},"AavOan52YKbrdvYMRAQEH+mton2jmIf4yRYyWjBqeQU=":{"valueMac":{"type":"Buffer","data":"pyGJy15cfyTKjsy83JxCION6khYuqUDFXw4GkPPyE3A="}},"5MA/7p7Yw0H3P4V1PFyV9G+zUdKl+Pm88v520qLBNWk=":{"valueMac":{"type":"Buffer","data":"eiNk8Sry+y5hqzzibbaa8OB6xtHCQAkw0fv0mdJISoM="}},"WPz8LWbyeJ0Yd2glLOq2uxubod5Jx5+3VASaKBMoOz8=":{"valueMac":{"type":"Buffer","data":"fOT9Lvw3ntBILxZQNfmF9PZuIH6GUI3ut4pvsQRta8g="}},"ss51DCKsrABd2BBgJLcQoMjgfhYhngoSN6jyO9Wi65I=":{"valueMac":{"type":"Buffer","data":"tduvHbpimzBIsGjzT7pQ1mgDGtD0uF961s0bzdaK7aw="}},"QodtYcV3zjtBP0L5M6ywGbgbz4IMtqVwfraQG6LSGc0=":{"valueMac":{"type":"Buffer","data":"sq3Pkj78MohbWTBDmHEEYbEd2gfS4JMEUOUP/zlmxNA="}},"ebeG/yRb02HmBzvmPhMp2ckgc8isHF0OMpsP+Noc/is=":{"valueMac":{"type":"Buffer","data":"IyIPktuDqLTD5OTwRM+G13kJOlY/wyw+c4+iFC+0yUo="}},"6fRpvKM4ykvidEiNzzUAC0QN9MIU7tRq6H6mXIlJzhY=":{"valueMac":{"type":"Buffer","data":"6D/sZ0Ga91xSJmoQJt/S0UUyzMiPbTXIJmPye7NSRiI="}},"78cWGzZ4gpBcdfwmJh6BAt1LcB+aPhTMgrI1+pRdc7s=":{"valueMac":{"type":"Buffer","data":"wtKps3JxLoaddhuzK5Z/qPpK4Wx5nYwAmUcEwdSPSgk="}},"p9gGCBPiTQWsTQmn+ifLk6yQw0Twd1ir4UWuZspc49I=":{"valueMac":{"type":"Buffer","data":"WVSWMaqMrW+aowC+cWh5mLkKrleIA/kk4D4FLm0rtS0="}},"O0DvHaRLQFwkE6a/hvP9OHbUVMDqFjvs2FeCyBRO8KY=":{"valueMac":{"type":"Buffer","data":"6gFtMXe+fMNodOajFEd4nFcJZ6NV7MttopsDIjoNZ2Y="}},"dtC+Jpx/CnTfEdIyAA9RLLeP1LN1TqZtR1yeRSCHp6o=":{"valueMac":{"type":"Buffer","data":"zukHoaeQFz5KP27XswnzODk3wrd5cehM3jcLGDDy/C0="}},"tJnmla3MYhwkXJgF/33VOok4nKGfPrXgoAiU5AqLcGM=":{"valueMac":{"type":"Buffer","data":"lZpgdEmhqULkwv36J8/P3uNk1aVFtTrmlJECqkfmWDc="}},"R0ZYYiar6mvwjMV/yaxcQNYpv4kssi0lxzdAWQ8qOy4=":{"valueMac":{"type":"Buffer","data":"GELgeu48fWbd6W8xbxK7bYntnKN9ePjX5iss4qUZPB8="}},"LrMpbjBNulbIlkqTUNYA5Uyi8uF4kk/CT3eoFxU68LQ=":{"valueMac":{"type":"Buffer","data":"yBanv29Z49M4f5CkVOZeQ/xW5BcrmAq0V2uNf5jLcP8="}},"cuQMOR1g+6orDec0/tpd9z9stjN1SRLeNtsQctz5NO4=":{"valueMac":{"type":"Buffer","data":"9a/ofPvCeO7ZFuffh7vxuYcvkChlVKCM7Moe+GCOAw4="}},"LApJcEjQzlcC4ZgH21XI4vdrPUHHLYC++SqBqWBRn50=":{"valueMac":{"type":"Buffer","data":"wZeBqqmPioHFEfouLz8r2EtwISDCG2Pqly4WQCrb+aM="}},"ioq33XjkpZldag2jnQ3AmTp44eJ3LmVgwY/hSm40YWA=":{"valueMac":{"type":"Buffer","data":"U546pyAPhuOc7t189E63pGSV0pdvfdTCzvas/zKnkVM="}},"wPbdfz4o9CN4swVqaaKRO1s44gStH32iFTmnTckwDT0=":{"valueMac":{"type":"Buffer","data":"PF4pTosiWgU/xC4FVYMdrj94ze+yFBgLxF+vV/H1QOE="}},"5pFf72w4FCTKvPNCWgaAv3NxdHnmhGTcZqREmCbhX+8=":{"valueMac":{"type":"Buffer","data":"UYFzpjJoCekqQPrM5EexqKrIunuH2zFEfNHPrXtOUT0="}},"8ZAIkZiKP4DIGlxT7qr4/GOLy8aWYVJV/WhsTVvl5cE=":{"valueMac":{"type":"Buffer","data":"kjvS74aRto5x56di9drEzwqKyUufivAOmLmPl3EB3r8="}},"7mv/vU02T9Hi3+WsZGyzBpmTHSl8Z3QCNXqMEFHJS84=":{"valueMac":{"type":"Buffer","data":"JM9xnlWjwGNjGxGcVij+i5r8gU9L7sFNlMqCZ23NBBk="}},"PAG+rV+OjXg8b6UiBIQAlaEoGlNHpYZnHVvvTRsPFqA=":{"valueMac":{"type":"Buffer","data":"nxw3OgucoRDOg1DLT0eATiDXDJwAIdYH/294Et4wVgs="}},"kPyvXCraCV32b9WX9+mdlZlASNhzkZ7S9/PEinuIyQ0=":{"valueMac":{"type":"Buffer","data":"CSvGD4++1+ALHYYgLHps/PhLBYISbuCHhX+IQuezQNg="}},"V1ly6obJnd0Hj/L1BAbP7RwS5UJv22t2hSA1LkSFpKk=":{"valueMac":{"type":"Buffer","data":"ITnqn0uyWAKAbGrHmUmniMPU0JWeOwjzoQwGZMg0Cvw="}},"f1uAsucys3hdJ1udni5yr4OaXFdJTR47M4Hdjs/fkd4=":{"valueMac":{"type":"Buffer","data":"xEDzc3spDTKxw3vNSJFY0JtM1R3APaqX1OX0EJjtK+A="}},"othIzubQ1bqZ7+FtrQXGqvsFWqSz/ezprkyYA5+u9BQ=":{"valueMac":{"type":"Buffer","data":"u9mVHUzlSDV/h+z01JYDbdfD33cTdQurjUvS2Xv4r+M="}},"/K5vFMmfOyimGxk2WltNdxSSGcW3TdZbjhOOryhbgQM=":{"valueMac":{"type":"Buffer","data":"NYHqARxN32eRqlGDs4oBOwMInS+wdjLP2RA3qm+5eGo="}},"kuxab5r5+vQIt43HRt2ES/1j1JC0JUN1aN/rjuu2tTw=":{"valueMac":{"type":"Buffer","data":"BY8vHlYw/2Asbd3V5M3e/1wGPY7obazGrManiwZQJiY="}},"YdWha9042INK3DJy8RbXzaQBXDW4gG1VKKSmQYuUcWo=":{"valueMac":{"type":"Buffer","data":"m+2QGXxsvAnkKqhOSFJWhgy8mvxdGrLEyFoGMYzZPNs="}},"Ss0vJatTYgl0wQyAAGFoOlVmvZi0vkGl1RB1lCZCTd0=":{"valueMac":{"type":"Buffer","data":"CISV/g/sws/6o2kvdK2pnUSuWCjtQ2EgWGBkOZEliqc="}}}}