{"version":3,"hash":{"type":"Buffer","data":"4FLYY+8SHrRm1+fvwbnlhHU5srz/7M87DS7MrLO3XiF0AZhd0aijNvGhSUREG8hk9ZPii7aFZI2Bdn+xMOqCF7ymXwNOnMbMmvmYjPclJzXiyoEfV/mPYP4oitlgJhK2Cus6Gd+591Xrf+TRjZAyiQnbEj/0wOwrfkBImUdjn/8="},"indexValueMap":{"a+2BZh1ipMtEN/kCn6AwAJcq36Ua+Z3/wFwGAN7ChTI=":{"valueMac":{"type":"Buffer","data":"fXlSg3mAfUJRVeAyT15PzuDcHPSPPZQ9834UgWJ0F4M="}},"sT665EVrfAWIyq299zAVResEZMGRuo+DF26iJ/AhUF4=":{"valueMac":{"type":"Buffer","data":"kXd9ftaht2vej/OsiO2siZjtzYehaNRTGVLk4j6E7E4="}},"jr5/jV/n4YauM3NGN004ZCXcRuYmG50R8cbfyQvbcK0=":{"valueMac":{"type":"Buffer","data":"2oW6jdD1F5SkWDIB1GJlaBZKIciQsF3G+WmGxFXOUzA="}},"67+HyT464mw3zZlUQttwhqEY38UkdTt6eNcxjXwZ41o=":{"valueMac":{"type":"Buffer","data":"n9YGh+eEqfZOVwWv84VEgGh6oPhFZ/qmqA2sMRph72Y="}},"nGangiuHsib/a0080DLECkTRcqEg+UktRo+3ToHbrSg=":{"valueMac":{"type":"Buffer","data":"1jPsl0zsrczj0EMvABD0+mNRTGmGwfrbFMCtURtYktY="}},"ODzOciLiUL9gZDq70xDVRSmaVkY1jPLZ25xMynut2jY=":{"valueMac":{"type":"Buffer","data":"3SvvSD/QlvvniBGy4vuyPTE5VfEjwq81/4u90UnJvwc="}},"b9YDFEMY+CBErAcOHtE6e2TnQsuWWySX9lE53mcPq10=":{"valueMac":{"type":"Buffer","data":"OZnnGBqrplKHvL8XywbQtdF/tOEvpVHMRFdZ8EuKZtw="}},"E7hxElY4XH6J+Syb7LaUKCbBodBjnHBF1hmCTpL4MvE=":{"valueMac":{"type":"Buffer","data":"2J+ZZd8MW8ffQyuDoT4V77MQoYBe88nfezf27ws7MgM="}},"DWv8VBMGAZquwgVhE6/MbifCrhz6MfAA6AUtXD0HX4U=":{"valueMac":{"type":"Buffer","data":"GaeYU5iGpHDASktUqHNDgEenGMw84iRlEwN0urj4HZc="}}}}