{"version":1,"hash":{"type":"Buffer","data":"geFhLKnv4+OGTI43cfbpRcIFcFCYb6odmL11blbkIPAfKyv8eZr37PNW3K21hY97+QJ5hzZjs1nsn9/0iSifDew7P/blGIR6RvTmBJSel4l16IzXMZPtK+Q7bcLsbWF8fFx9GNCZlvRNtwl0P5zjiMJi8xLCDAAIdd8EANLZXHo="},"indexValueMap":{"9pho4CXmEAPkLbcVVLBh4edRbO2/8AxOfqsy1qHRk78=":{"valueMac":{"type":"Buffer","data":"WpkvO3gAz4LQ6QuUxq3b2yKsKkpU9Eh8DGJNrTOjd48="}},"qAK+2OuM1uMXosA+U0ZBSWVHrewUTXhENJZQrnCCu1g=":{"valueMac":{"type":"Buffer","data":"tbsjfzqgijnyDEjrG4ao0r8NtCxOPCoSgpGck74OBfY="}}}}