[{"senderKeyId":1347729480,"senderChainKey":{"iteration":47,"seed":"vvFVT923s0ZsEA7moLcHydBtJYj9GmoffISZwe85GZc="},"senderSigningKey":{"public":"BdsPHblx5Gxzf56m21z2NT07TtPPCDgxcKwajRivV2Y8"},"senderMessageKeys":[{},{},{},{},{},{},{},{},{},{},{},{},{},{},{},{},{},{},{},{}]},{"senderKeyId":1347729480,"senderChainKey":{"iteration":17,"seed":"Mpp3iXhnRYfqdpEKEoyoD32zbjY4ip0ZUCnV2YNZwtk="},"senderSigningKey":{"public":"BdsPHblx5Gxzf56m21z2NT07TtPPCDgxcKwajRivV2Y8"},"senderMessageKeys":[]},{"senderKeyId":1347729480,"senderChainKey":{"iteration":19,"seed":"8Nc2X00/Y4PTgFjfi6FpNVbSweQmnvZGpUHq5q620+8="},"senderSigningKey":{"public":"BdsPHblx5Gxzf56m21z2NT07TtPPCDgxcKwajRivV2Y8"},"senderMessageKeys":[]},{"senderKeyId":1347729480,"senderChainKey":{"iteration":21,"seed":"rv3LFbdQwJTjfVk6AQNByA1rtS81clCWELffXeSD49c="},"senderSigningKey":{"public":"BdsPHblx5Gxzf56m21z2NT07TtPPCDgxcKwajRivV2Y8"},"senderMessageKeys":[]},{"senderKeyId":1347729480,"senderChainKey":{"iteration":23,"seed":"Y1Mz3ZDXQ69MAMx8ie7DtToLG4IlYDw3WUqkVgeUxww="},"senderSigningKey":{"public":"BdsPHblx5Gxzf56m21z2NT07TtPPCDgxcKwajRivV2Y8"},"senderMessageKeys":[]}]