{"_sessions":{"Bb+f5dsp/yK/2wG4IHx7w7rs2UX74on6VJhnr+158jQS":{"registrationId":55173514,"currentRatchet":{"ephemeralKeyPair":{"pubKey":"BUO9mXeqA11+rlmauZmG6pE3/EE4+ztlel05jvZkbhcA","privKey":"wIfF0LkntFyf049jI8Yd/Ru0IHBhFk1oqCwEqsnCC3M="},"lastRemoteEphemeralKey":"BRgp0NV4sPxmKyBAODx06OmdfaU8bJ7b2bSFKREJL4hg","previousCounter":0,"rootKey":"dQGGxQ6lu67ku2B3+tmFC/UQXRqUCYDQlxt0asqISeA="},"indexInfo":{"baseKey":"Bb+f5dsp/yK/2wG4IHx7w7rs2UX74on6VJhnr+158jQS","baseKeyType":2,"closed":-1,"used":1732680216378,"created":1732680216378,"remoteIdentityKey":"BemgD2ZQn/upxC7e1DM7UJxfh/EdaonHAIqrogBbUxdk"},"_chains":{"BRgp0NV4sPxmKyBAODx06OmdfaU8bJ7b2bSFKREJL4hg":{"chainKey":{"counter":0,"key":"BCqRgNNG/MArsSt8CGxOfAdtIia2QPNkR5+puHwvZ8k="},"chainType":2,"messageKeys":{}},"BUO9mXeqA11+rlmauZmG6pE3/EE4+ztlel05jvZkbhcA":{"chainKey":{"counter":-1,"key":"fHvDPesNb7YsDTUxjVDNtjo396RcY8Lotihl4l0NLUM="},"chainType":1,"messageKeys":{}}}}},"version":"v1"}