{"_sessions":{"BeXxtoFXrTqEvtU/3cSlNDuU+R0NBvgpbcekRmRMl153":{"registrationId":1173365404,"currentRatchet":{"ephemeralKeyPair":{"pubKey":"BZ1VnF1AXXQAe1IByIqm0D2+gYGivZPHbkJpLOZ4VX0F","privKey":"sH9WcnUQPtGrH+epjqArSFOWFJnWcFZabpNZ4uOyGHo="},"lastRemoteEphemeralKey":"BT5yO36V83qS7PctS2ULekMoEexAU7WEoJbvyiijEMpl","previousCounter":0,"rootKey":"nbEDk03PLVBgfwdAdIE++VPAeD0HW5Yd2v2jmFpy3Ww="},"indexInfo":{"baseKey":"BeXxtoFXrTqEvtU/3cSlNDuU+R0NBvgpbcekRmRMl153","baseKeyType":2,"closed":-1,"used":1732680297857,"created":1732680297857,"remoteIdentityKey":"BfJefV3kzSP5XgKswNH8uRrGWRK7obNLikW7WZ3uD408"},"_chains":{"BT5yO36V83qS7PctS2ULekMoEexAU7WEoJbvyiijEMpl":{"chainKey":{"counter":0,"key":"NDxzfVVg+oU3mFI+snC8REKEQI/Rv9hfRav2kif5ScU="},"chainType":2,"messageKeys":{}},"BZ1VnF1AXXQAe1IByIqm0D2+gYGivZPHbkJpLOZ4VX0F":{"chainKey":{"counter":-1,"key":"IZYBtQuGayo1i8ziD3kLIm0mOTjwxzxpJMc9LZX3P7s="},"chainType":1,"messageKeys":{}}}}},"version":"v1"}