{"_sessions":{"BagNXHSIABOGrt7mJMQACgqJO0Td5UmTE7AxHXs86AFc":{"registrationId":724143590,"currentRatchet":{"ephemeralKeyPair":{"pubKey":"Beg8HaAV3iVHjOXegCu1pa7HvZ1SF+ct+QpqafXbR294","privKey":"uB+Qzps1A0cFJR3xvLc54drqlawav52UKXXYMZJCEk0="},"lastRemoteEphemeralKey":"BRjYHVE5u+VV7arH5ILRIaH2vHo1sK3/vBE5zK0Jb9Ur","previousCounter":0,"rootKey":"w9L3J9S3cP7m1+Mx1dLo2kcIQb5wPk9xK0/UeP7TBq8="},"indexInfo":{"baseKey":"BagNXHSIABOGrt7mJMQACgqJO0Td5UmTE7AxHXs86AFc","baseKeyType":2,"closed":-1,"used":1732680244296,"created":1732680244296,"remoteIdentityKey":"BYsPjZEvLk49Sqx2I2K/4/cw2Wud0ZuG2y1pywAdK2IK"},"_chains":{"BRjYHVE5u+VV7arH5ILRIaH2vHo1sK3/vBE5zK0Jb9Ur":{"chainKey":{"counter":0,"key":"9eqsdRJUvhagDNv2CybWDFgGcNGmTHVNMXVJmgM40NU="},"chainType":2,"messageKeys":{}},"Beg8HaAV3iVHjOXegCu1pa7HvZ1SF+ct+QpqafXbR294":{"chainKey":{"counter":-1,"key":"JFGjomJCithA4/yTCmU142tCek9OhpxgikH1h+RYLtQ="},"chainType":1,"messageKeys":{}}}}},"version":"v1"}