{"_sessions":{"BYZW89E0itr/xH8pBRs0lo8iCJR88xDqsyH6dub9sXJ7":{"registrationId":246442530,"currentRatchet":{"ephemeralKeyPair":{"pubKey":"BfiDqoUzvtWiFiS0YEigc5SJfYp81oWILgpGP50hmGVN","privKey":"yCIiLYVpIsE4ir8hSg6eFF1qAgqiErYwk0n9tJ5TcE0="},"lastRemoteEphemeralKey":"BR25Z7hrXSMRe4tgsJDHgdpECQYSmj1C1/z/7Q5ewC51","previousCounter":0,"rootKey":"RQaPsCtFbT4cpZ+Eca0RGoNf+h6h1ARapCvAwrMeFMM="},"indexInfo":{"baseKey":"BYZW89E0itr/xH8pBRs0lo8iCJR88xDqsyH6dub9sXJ7","baseKeyType":2,"closed":-1,"used":1732680989736,"created":1732680989736,"remoteIdentityKey":"BTisQoiOT56Fx3vwofk6ZqvuV4k7mhc5HDmGC3xwcg1m"},"_chains":{"BR25Z7hrXSMRe4tgsJDHgdpECQYSmj1C1/z/7Q5ewC51":{"chainKey":{"counter":0,"key":"HxXfrHgBBGEdyP6emyxhOgZOKazZDR09dG+HRmN+eWg="},"chainType":2,"messageKeys":{}},"BfiDqoUzvtWiFiS0YEigc5SJfYp81oWILgpGP50hmGVN":{"chainKey":{"counter":-1,"key":"VZUCNgJSTxmwru/PxGVSqeOKHsiIJmYOqw7W3wMJGVA="},"chainType":1,"messageKeys":{}}}}},"version":"v1"}