{"_sessions":{"BZc6zKOLvKi2i/D6xHR5jYtbcP9BiCL/W7cX0QPVrgxE":{"registrationId":1030949326,"currentRatchet":{"ephemeralKeyPair":{"pubKey":"BRcAN98ynP7+3P4aWVksDzXiuOXP3vz67GmX2Rhi13ku","privKey":"GCifPuWjRTWkbCRKHmW2EZR5qUrd5tjYczxmvbeeIWQ="},"lastRemoteEphemeralKey":"BSfrtBAF/T4nu7k0hi3pXUyp3vVZzMimVGeecejTuEV9","previousCounter":0,"rootKey":"15DEqEcdv5beXwwFlYkOmamFZx2nBe14/YYvFFRlD1c="},"indexInfo":{"baseKey":"BZc6zKOLvKi2i/D6xHR5jYtbcP9BiCL/W7cX0QPVrgxE","baseKeyType":2,"closed":-1,"used":1732681614162,"created":1732681614162,"remoteIdentityKey":"BYlCyhnFvRGRUozcYEdGZ1H7bJBj23p2GDwEZvwsndsp"},"_chains":{"BSfrtBAF/T4nu7k0hi3pXUyp3vVZzMimVGeecejTuEV9":{"chainKey":{"counter":0,"key":"XB2t10FAtvcF8i8U1ArFyHLbjaGZeVTnHjsAdbD4xgM="},"chainType":2,"messageKeys":{}},"BRcAN98ynP7+3P4aWVksDzXiuOXP3vz67GmX2Rhi13ku":{"chainKey":{"counter":-1,"key":"YPbnRwdzXL/1ywn341ZGazcDB5x37Q0wCQlXmPboQC4="},"chainType":1,"messageKeys":{}}}}},"version":"v1"}