{"_sessions":{"BS1DPPqRfbRP1i5xpD3i0eyyhmRfAcxrr/Zj3Ud6uysN":{"registrationId":688186163,"currentRatchet":{"ephemeralKeyPair":{"pubKey":"BS9mNdac6Wbx6XdYDatZNnZZYhXxexJRZ7KWQfoQB69T","privKey":"CC91MDHvq8hoWTvHsy2J5Oblv0X4jLdVIa+aoD5enF8="},"lastRemoteEphemeralKey":"BeKLlwgHUnwfBdU0UurnWU3RPXdKYvnsgjzDOQKNlEIv","previousCounter":0,"rootKey":"MUDjZfHiYQDGzlzElV+hnvVONzdOYIUVoOmzN0AugA8="},"indexInfo":{"baseKey":"BS1DPPqRfbRP1i5xpD3i0eyyhmRfAcxrr/Zj3Ud6uysN","baseKeyType":2,"closed":-1,"used":1732680576761,"created":1732680576761,"remoteIdentityKey":"Beq5XnR7vJkR3sbmoFnotquRlimTXIK7tzioeDUikHJN"},"_chains":{"BeKLlwgHUnwfBdU0UurnWU3RPXdKYvnsgjzDOQKNlEIv":{"chainKey":{"counter":0,"key":"n0vJoGQSogemrf+/iN0PckN2ldYhe7QQZdeel3GJecY="},"chainType":2,"messageKeys":{}},"BS9mNdac6Wbx6XdYDatZNnZZYhXxexJRZ7KWQfoQB69T":{"chainKey":{"counter":-1,"key":"H/HxdZjBbbV3Rw7LANVVQDf30yATM6kFnR/2kazOwwQ="},"chainType":1,"messageKeys":{}}}}},"version":"v1"}