{"_sessions":{"BbaVfjMwka77CQomqsWKeQKD37Ixqka2rZhOP94JwqUU":{"registrationId":91754315,"currentRatchet":{"ephemeralKeyPair":{"pubKey":"BQdfu27H+xLhOjOwLSPOAgFXmsfX4UQY0Lss8oU1jwwS","privKey":"aKVNgIZDWL/yMQleUNVt2P8ntCIUjZWm6jARWr+vIFQ="},"lastRemoteEphemeralKey":"BS0Ol1rNdrtkTC5vq8vVNls2puX56kEvScNCRC3EvXcg","previousCounter":0,"rootKey":"wW4/JLGWhJXyv7l+T9E4Af1qn5VWBRIJi7fr0bC83IU="},"indexInfo":{"baseKey":"BbaVfjMwka77CQomqsWKeQKD37Ixqka2rZhOP94JwqUU","baseKeyType":2,"closed":-1,"used":1732680120418,"created":1732680120418,"remoteIdentityKey":"BR0ayfgao5NrVm3w7IKBopjuKJobDbnZhBXP2OIQ9HZi"},"_chains":{"BS0Ol1rNdrtkTC5vq8vVNls2puX56kEvScNCRC3EvXcg":{"chainKey":{"counter":0,"key":"HOrsx/PGjD146U99TRlufdFVU86M4WaPTNqky+cLBJk="},"chainType":2,"messageKeys":{}},"BQdfu27H+xLhOjOwLSPOAgFXmsfX4UQY0Lss8oU1jwwS":{"chainKey":{"counter":-1,"key":"fnlhj+UNxzxBBZY/OR8R2qZqnZLcBkfQjyp8COBjFPU="},"chainType":1,"messageKeys":{}}}}},"version":"v1"}