{"_sessions":{"Bcr7pEewkbNvICHDoC4JcoZJqBtGxlNZZDNzgwY7SbpY":{"registrationId":476235812,"currentRatchet":{"ephemeralKeyPair":{"pubKey":"Bb24Wiq/QagDE/MMjYVL3TTBMyTWv+amMXNhNc/aXEJZ","privKey":"GGRDg2y/tLc+3lJh4Lq2USXQn3K7UMfRKAqhAMCjJWM="},"lastRemoteEphemeralKey":"Bfwe0/fusTBXn+NfHbTq7IzGZY5Ub7S+Wi5hE9kvdlBP","previousCounter":0,"rootKey":"QT0Jyb9ytN0a9IMD714zZpOvNAya18tGVw4P+zpAiS8="},"indexInfo":{"baseKey":"Bcr7pEewkbNvICHDoC4JcoZJqBtGxlNZZDNzgwY7SbpY","baseKeyType":2,"closed":-1,"used":1732681712520,"created":1732681712520,"remoteIdentityKey":"BXLE8tgV9JPsDZ5UnphhH875tLHdhm0oGH+apE13u4I/"},"_chains":{"Bfwe0/fusTBXn+NfHbTq7IzGZY5Ub7S+Wi5hE9kvdlBP":{"chainKey":{"counter":0,"key":"dP3P3En3b3psK8ZjCYfXBJgD/e9+E/BvcvNU+XuUHa4="},"chainType":2,"messageKeys":{}},"Bb24Wiq/QagDE/MMjYVL3TTBMyTWv+amMXNhNc/aXEJZ":{"chainKey":{"counter":-1,"key":"ZIxn0vhLKFBOe6JbFUc6xHkk8MdW+Q30rsn+8VfwTKw="},"chainType":1,"messageKeys":{}}}}},"version":"v1"}