{"_sessions":{"BR6VOue3epnAlZ3wh17DmRUiNtNFU3NQ1WMXC3vvVCgf":{"registrationId":1868177208,"currentRatchet":{"ephemeralKeyPair":{"pubKey":"BVHfkZ8vW/lAMypSDF+5PxoQxIgF2qYf7D5HyLOCqJkd","privKey":"AOD3yXeFhDo68M7ZhL4FxlLEEMgn7Z5wjs40W+C64XE="},"lastRemoteEphemeralKey":"BecvwFOkxGM1QjzNzEOqr/CTF+kAuUqHO6C0YnjOE7t0","previousCounter":0,"rootKey":"n95mfcKYyFf4Wqu/eTALtXKkVxlVyy43j6YL0dHDhK8="},"indexInfo":{"baseKey":"BR6VOue3epnAlZ3wh17DmRUiNtNFU3NQ1WMXC3vvVCgf","baseKeyType":2,"closed":-1,"used":1732680231457,"created":1732680231457,"remoteIdentityKey":"BQjMk7rOfA1nQQb4N588TIlCwgytRV0iaDRERogiVV5Q"},"_chains":{"BecvwFOkxGM1QjzNzEOqr/CTF+kAuUqHO6C0YnjOE7t0":{"chainKey":{"counter":0,"key":"ujb3lIP2uH8A16nuLnrnqquQ55KODb2DghYB2t7TTWc="},"chainType":2,"messageKeys":{}},"BVHfkZ8vW/lAMypSDF+5PxoQxIgF2qYf7D5HyLOCqJkd":{"chainKey":{"counter":-1,"key":"/MpOoQHKpygnK8F88CTpCIbytV/Sh9uD+WXxZ6fqiaQ="},"chainType":1,"messageKeys":{}}}}},"version":"v1"}