{"_sessions":{"BT2DUuZTjprrB7FI5mJMYnFD8qapbQyy65WCtpVLLTYp":{"registrationId":1485612949,"currentRatchet":{"ephemeralKeyPair":{"pubKey":"BQNalJnFvHJ+5BiC7JHl69DG6cEs1sqD7Yt1407cOB8f","privKey":"wJHlJOslQztkl5cZOoY4MVwquI+OO396UAWwVep+OGs="},"lastRemoteEphemeralKey":"BamXoHIA8on/QHBUYQqIy3jRdSH9EG7zW5yDBrnDFac5","previousCounter":0,"rootKey":"FPxlXJGhnImaQHQ0JLmzAKwMDc4vGQh5bbgyJ16lOqA="},"indexInfo":{"baseKey":"BT2DUuZTjprrB7FI5mJMYnFD8qapbQyy65WCtpVLLTYp","baseKeyType":2,"closed":-1,"used":1732679816454,"created":1732679816454,"remoteIdentityKey":"Bfhkmevk6E4eqXSXGwNO1HjucHn7jDBQYh5ASFOuVKFY"},"_chains":{"BamXoHIA8on/QHBUYQqIy3jRdSH9EG7zW5yDBrnDFac5":{"chainKey":{"counter":1,"key":"VyE2OsPonnQ6yUwChfz6IyEpTmOkXGIUJvd0Tf3vEnY="},"chainType":2,"messageKeys":{}},"BQNalJnFvHJ+5BiC7JHl69DG6cEs1sqD7Yt1407cOB8f":{"chainKey":{"counter":-1,"key":"FIoKfAzx2PZgCSMthaMSvxHy+NA3R8+MELTrMqHpeyM="},"chainType":1,"messageKeys":{}}}}},"version":"v1"}