{"_sessions":{"BXZPl+Bir1fdr5jxlMixrUZ+Zz58CIFq4oXfQfR7Zag9":{"registrationId":1019378697,"currentRatchet":{"ephemeralKeyPair":{"pubKey":"BQUSxL7gOCcnYsKDoVagrIOs7fxh15SAo7nvIjwJnOJn","privKey":"6ATWOujsRaPXbIBg38Wtw5LcYqqI4uQ9VVnFFNAiamg="},"lastRemoteEphemeralKey":"BUfBHHm8hVYxHyH0sxhcyhYe19am8WG+GyMGnCyZkKxn","previousCounter":0,"rootKey":"gxPmMEmE4fOJ2Ckdfmlm6eTbyaVzCn8GK7iYWrQrkY8="},"indexInfo":{"baseKey":"BXZPl+Bir1fdr5jxlMixrUZ+Zz58CIFq4oXfQfR7Zag9","baseKeyType":2,"closed":-1,"used":1732681018305,"created":1732681018305,"remoteIdentityKey":"BVkDYghBfU0NOIdDHUgvNNmqfPx34GZsFaxxidhvW2IH"},"_chains":{"BUfBHHm8hVYxHyH0sxhcyhYe19am8WG+GyMGnCyZkKxn":{"chainKey":{"counter":0,"key":"lLz0cDxae7pT3gnEnFIYcMakUoR6y4Ciir8hWW2Dh5A="},"chainType":2,"messageKeys":{}},"BQUSxL7gOCcnYsKDoVagrIOs7fxh15SAo7nvIjwJnOJn":{"chainKey":{"counter":-1,"key":"cM6dm5lD9drC0rSa9nlMJBFfmUfS0UAShBmpEiruo3s="},"chainType":1,"messageKeys":{}}}}},"version":"v1"}