{"_sessions":{"BYcgd50eYn/sroHvywQiIbcziSquxQDCrOeqhqkgH8dj":{"registrationId":120,"currentRatchet":{"ephemeralKeyPair":{"pubKey":"BfvrIYAxtuBIHCQfG1P/pnOGjuvYjSgziXah1w3hPJgj","privKey":"mEBQsprnvapftqw1mgEM3NBTCvNDiNZmQu8Hnu0MK3c="},"lastRemoteEphemeralKey":"Bah0wUdeilX4mZQIWlAitPw7t2a7Wk80ncW8gOfrbwcn","previousCounter":0,"rootKey":"XSHyx6MDigbQeHkX+z8x88i0/4m3LGt5ztjllwiE4hk="},"indexInfo":{"baseKey":"BYcgd50eYn/sroHvywQiIbcziSquxQDCrOeqhqkgH8dj","baseKeyType":2,"closed":-1,"used":1732680304960,"created":1732680304960,"remoteIdentityKey":"BbS9DDeJvAfM1rMY73STlq+7DhglbiydiHqrsCgwcW0E"},"_chains":{"Bah0wUdeilX4mZQIWlAitPw7t2a7Wk80ncW8gOfrbwcn":{"chainKey":{"counter":0,"key":"1tWpoltyzb4hIlrQrdAWXUzP3eWEHuQ7c4YkA5EYS74="},"chainType":2,"messageKeys":{}},"BfvrIYAxtuBIHCQfG1P/pnOGjuvYjSgziXah1w3hPJgj":{"chainKey":{"counter":-1,"key":"aqBrAI8Jv9GOqGb5OiZwr4kkm0Q7S+BrObgERMlNI7s="},"chainType":1,"messageKeys":{}}}}},"version":"v1"}