{"_sessions":{"BSH2kx5wzO1OJh1ERnXSENy6zlE9lWJ+HTghAZkn07Jg":{"registrationId":1673271807,"currentRatchet":{"ephemeralKeyPair":{"pubKey":"BRjje+5xxZXVp+Q4MKsQBsVRXJfyIq/1QVJewSzW33gn","privKey":"SPpDKLNHmXvlYuJs5BfICSCuI/tIc18y15ySpgW1X3U="},"lastRemoteEphemeralKey":"BX5u2e2n+4hHVPsUjEMiBDTT4uhVBZOHFvDpm6ZwT8Yz","previousCounter":0,"rootKey":"v/rVNpdikgBZoIYHoRJKA4YsB2YAWQzOY8npmWa5x3c="},"indexInfo":{"baseKey":"BSH2kx5wzO1OJh1ERnXSENy6zlE9lWJ+HTghAZkn07Jg","baseKeyType":2,"closed":-1,"used":1732680340505,"created":1732680340505,"remoteIdentityKey":"BTuQDq2Ax8F1dE3bvNb9YX6x/JoHIRi6Kx1NoIA6rERB"},"_chains":{"BX5u2e2n+4hHVPsUjEMiBDTT4uhVBZOHFvDpm6ZwT8Yz":{"chainKey":{"counter":0,"key":"GvM38n3SoTqDGO40TNwckNTl5cQBkXGyzPuBLKczPd8="},"chainType":2,"messageKeys":{}},"BRjje+5xxZXVp+Q4MKsQBsVRXJfyIq/1QVJewSzW33gn":{"chainKey":{"counter":-1,"key":"rD4cMfqJErumR74R5rxGJKmGqeNG/pBCs1Ix+hMnbf4="},"chainType":1,"messageKeys":{}}}}},"version":"v1"}