{"_sessions":{"BfSg4EVyHDRnoMoYjzGJTpaBIFgGhSv6dWVSM8uSfslz":{"registrationId":1817826390,"currentRatchet":{"ephemeralKeyPair":{"pubKey":"Bc6AdvXBQWfF3LtNRxw/r9iGXo4NflizU+axqke8fadQ","privKey":"uE87se/bqanu2e2JCXcJXVTEFFJHWL8P22mQZj1LLmE="},"lastRemoteEphemeralKey":"BTq8nsKmoIM3JB60kg9KTxds56rJjr+i3h4dB8aj87Yg","previousCounter":0,"rootKey":"k9tQNFPrKzVwPo4YCnFgmiZS0+MEUqJ78hu+ydxApM0="},"indexInfo":{"baseKey":"BfSg4EVyHDRnoMoYjzGJTpaBIFgGhSv6dWVSM8uSfslz","baseKeyType":2,"closed":-1,"used":1732679868950,"created":1732679868950,"remoteIdentityKey":"BZvhqiNVrmTU9gme4xcB6PENWuAphS4ihsgUfos9B+xb"},"_chains":{"BTq8nsKmoIM3JB60kg9KTxds56rJjr+i3h4dB8aj87Yg":{"chainKey":{"counter":1,"key":"AioqRCegV4tE16JPMm5t6vBGDbQoHFbXjjWuhPciJW4="},"chainType":2,"messageKeys":{}},"Bc6AdvXBQWfF3LtNRxw/r9iGXo4NflizU+axqke8fadQ":{"chainKey":{"counter":-1,"key":"Q1RYSdmD4Q1GvjvH2u8BOXcHGisTX9LWQeOSl6DY3x0="},"chainType":1,"messageKeys":{}}}}},"version":"v1"}