{"_sessions":{"BZ1SVbHM6OqGOncf5AEX6QpImNabykgMZDb6zHDjF7lZ":{"registrationId":1589327570,"currentRatchet":{"ephemeralKeyPair":{"pubKey":"BVtWO1KNfaSbod2asE+Pcdz2Ixunu/fao21yoKgBU+Vn","privKey":"6En/HjERCEJACaUR9C0AuUXUYIbclsMKs0lB6j8A1UE="},"lastRemoteEphemeralKey":"Bf6hYpdlZV+q9Z72oHbSntRcr5YY+l9G1Sq7z4WZ1gAV","previousCounter":0,"rootKey":"tJ1BHEVVLA03pHW1wBBN1sPEVIugDRtfu1SyQSV2XIo="},"indexInfo":{"baseKey":"BZ1SVbHM6OqGOncf5AEX6QpImNabykgMZDb6zHDjF7lZ","baseKeyType":2,"closed":-1,"used":1732680828432,"created":1732680828432,"remoteIdentityKey":"BdGn5j68LrX9cohc5Glq5C+rNgZq83/WqM/Sr5gQH0Mx"},"_chains":{"Bf6hYpdlZV+q9Z72oHbSntRcr5YY+l9G1Sq7z4WZ1gAV":{"chainKey":{"counter":2,"key":"NrJ3tBe0FGn4qBW3qHTxbQ+9dKWc5vFHPE2waEtfVeg="},"chainType":2,"messageKeys":{"0":"Yzmdsek17eaT6mTZwrnhrIx6ghPxtYWIF+0NhPC+8Hg="}},"BVtWO1KNfaSbod2asE+Pcdz2Ixunu/fao21yoKgBU+Vn":{"chainKey":{"counter":-1,"key":"ejwN/0MtShFDgTbZ/LSU4ADQ1PilpiMFLWo75bO8lbM="},"chainType":1,"messageKeys":{}}}}},"version":"v1"}