{"_sessions":{"BdvWj/xuhSYAQJvYAq8bQXo8DbJGLmHW4sdDtj7RHBJp":{"registrationId":1798569268,"currentRatchet":{"ephemeralKeyPair":{"pubKey":"BehTbJvXF6q0BNg+BBG8AR6NkBZukAcWFYLOlghzNG9w","privKey":"4Pm3w4w3kVwQUOnuTe3tksmAFQ9syGkBIk4Nfm3fQ2s="},"lastRemoteEphemeralKey":"BYCkgQiZ4OSegHFhLROYbAuLOuQHYcOH91FTbuWFmvQz","previousCounter":0,"rootKey":"luG5TS/II8Hyz9vMmlMoxpWgl0UWN5QzHZxNzcbQZdY="},"indexInfo":{"baseKey":"BdvWj/xuhSYAQJvYAq8bQXo8DbJGLmHW4sdDtj7RHBJp","baseKeyType":2,"closed":-1,"used":1732681102548,"created":1732681102548,"remoteIdentityKey":"Bb7w5Ij9c0EreC/i3hARaZHOjVa005qAqmeXZQRKHWZ/"},"_chains":{"BYCkgQiZ4OSegHFhLROYbAuLOuQHYcOH91FTbuWFmvQz":{"chainKey":{"counter":0,"key":"o4wZgdOU0zcMfBap8YrLmtKgiVHc0LQy14XVZcbreF8="},"chainType":2,"messageKeys":{}},"BehTbJvXF6q0BNg+BBG8AR6NkBZukAcWFYLOlghzNG9w":{"chainKey":{"counter":-1,"key":"7j01ncbJ88ypEztD4e2Rvlrx1CTQV3lNlVeWmhj31t4="},"chainType":1,"messageKeys":{}}}}},"version":"v1"}