{"_sessions":{"BbpOGNJ0NjEo6hzezl7qEV7vICcXsUgeli85d4t26ZRA":{"registrationId":247538284,"currentRatchet":{"ephemeralKeyPair":{"pubKey":"BZOQVn9607ctqLKLzUxzWML+6Wkoh3PXz4oRWUUTDr49","privKey":"SMcmoQqLvoYb1T4OJfXmC/n2yni5BEqMd52WQCxRtUM="},"lastRemoteEphemeralKey":"BXznCVz05eiu1YxVRG8EjIXAZTF5V+nPYf4cPhoEgQ05","previousCounter":0,"rootKey":"uL6AWGq1N+nXpahodHSC95HzEb7MZssJ48Fd0LiH+rY="},"indexInfo":{"baseKey":"BbpOGNJ0NjEo6hzezl7qEV7vICcXsUgeli85d4t26ZRA","baseKeyType":2,"closed":-1,"used":1732680794423,"created":1732680794423,"remoteIdentityKey":"BUxLd5nTalvOlo2MsKj3hePFgRFl5UD3UBaBSytQhuRx"},"_chains":{"BXznCVz05eiu1YxVRG8EjIXAZTF5V+nPYf4cPhoEgQ05":{"chainKey":{"counter":0,"key":"Rnw3i7DC+ERPfAZkk3G6x3Hx3bpX9pW+9oh7ZKSjURM="},"chainType":2,"messageKeys":{}},"BZOQVn9607ctqLKLzUxzWML+6Wkoh3PXz4oRWUUTDr49":{"chainKey":{"counter":-1,"key":"DmBb7ZAWC4FTeJxGa0SPYGxLo1CjP/CZ157PWPGYiz8="},"chainType":1,"messageKeys":{}}}}},"version":"v1"}