{"_sessions":{"Bc22esqmpqITPaSUn1KWRIljw+zyvmWjkCC7G0w+7TZw":{"registrationId":799653727,"currentRatchet":{"ephemeralKeyPair":{"pubKey":"Bc4QxFC8S/sfSw/G5iKNAQZBAHyHk5CFhrjJtFI+ilYK","privKey":"QHgf4/3Ju75B1LnQGDoykY3IIM+IjuIi7TZfrhOAh0o="},"lastRemoteEphemeralKey":"BUsW3PT3knqFh+6FlyE5LRX6eovC3P1Gn5/9lh2pMkJi","previousCounter":0,"rootKey":"fr3EWcaepDWBCEAX3zX160IstudXa2yQXdpp8BjnOvU="},"indexInfo":{"baseKey":"Bc22esqmpqITPaSUn1KWRIljw+zyvmWjkCC7G0w+7TZw","baseKeyType":2,"closed":-1,"used":1732680510481,"created":1732680510481,"remoteIdentityKey":"BYS1vldJExLUGEhuHqnowZ99s+gfyfHn2I36RoEKnC4E"},"_chains":{"BUsW3PT3knqFh+6FlyE5LRX6eovC3P1Gn5/9lh2pMkJi":{"chainKey":{"counter":1,"key":"RWR8lN+5T2qGwxlCX8O9vvpk1KvpSuiQz0gZTT7xI0M="},"chainType":2,"messageKeys":{}},"Bc4QxFC8S/sfSw/G5iKNAQZBAHyHk5CFhrjJtFI+ilYK":{"chainKey":{"counter":-1,"key":"WI+2mU+wkToPCBSjag/a8RNkwTwBawxEiIsQHRUlKac="},"chainType":1,"messageKeys":{}}}}},"version":"v1"}