{"_sessions":{"BSHF9iXICjpSzJwYhmJAEaRHka9wXZE2uL92k5eWNAlt":{"registrationId":1445246482,"currentRatchet":{"ephemeralKeyPair":{"pubKey":"BRSaYkmb2xYT+J9ZQ7UE8bul5Rryloim3ZcsAes1dWIe","privKey":"GK77THkHWz68YXXZTXcHVMZYvL8yIrZdPqx4DzLXjUo="},"lastRemoteEphemeralKey":"BcOLXo5dnOBE1iSo/fk+5ppveTkoroQ17BlkX1VdtjY8","previousCounter":0,"rootKey":"LUspMhnFVRx+Hi+Zeanna3idZJxeaQMllGHiEnfOaIk="},"indexInfo":{"baseKey":"BSHF9iXICjpSzJwYhmJAEaRHka9wXZE2uL92k5eWNAlt","baseKeyType":2,"closed":-1,"used":1732680493856,"created":1732680493856,"remoteIdentityKey":"BRgI+zd5Af3mHq3Y/9mncd+E4VT880teaQ3MaDJc8R5q"},"_chains":{"BcOLXo5dnOBE1iSo/fk+5ppveTkoroQ17BlkX1VdtjY8":{"chainKey":{"counter":1,"key":"QnDM2fBr0zsNLO2I5yzRphWrx4nsB8rPaD2cfvXWO/c="},"chainType":2,"messageKeys":{}},"BRSaYkmb2xYT+J9ZQ7UE8bul5Rryloim3ZcsAes1dWIe":{"chainKey":{"counter":-1,"key":"2BSuiwrlTsuiKJkBm9Czkfk25tUvqMvHlzGpohkT9Us="},"chainType":1,"messageKeys":{}}}}},"version":"v1"}