{"_sessions":{"BY71yPAJc9eM1rT6CTLVnvlzsoPaxixBcptxjb/O61ZC":{"registrationId":1336719821,"currentRatchet":{"ephemeralKeyPair":{"pubKey":"BRAFM+1LBdNZMLcWsfKy3h/XiwmMhBE9FAQ4+4U357Mm","privKey":"wGcCZ4Ltt16RvbFEqkzMFAsbL6aCjLMikCV96UqkUng="},"lastRemoteEphemeralKey":"BViRJOxTFA+YBE/riBBB95JE/XFDmAoxr95qwjZ4P1Rb","previousCounter":0,"rootKey":"M3vM2/xvDToAKiU5FKslwB1KuOY/ugDek0AmG2o6TyY="},"indexInfo":{"baseKey":"BY71yPAJc9eM1rT6CTLVnvlzsoPaxixBcptxjb/O61ZC","baseKeyType":2,"closed":-1,"used":1732679995260,"created":1732679995260,"remoteIdentityKey":"BeAfEwEtUNgzpUyjt9DsajLOle/rSha1lULBS+rVHfxM"},"_chains":{"BViRJOxTFA+YBE/riBBB95JE/XFDmAoxr95qwjZ4P1Rb":{"chainKey":{"counter":0,"key":"TKYBBWpVteNEAuSb8Pc1dekKhGiItr8YoH63bF6zCJU="},"chainType":2,"messageKeys":{}},"BRAFM+1LBdNZMLcWsfKy3h/XiwmMhBE9FAQ4+4U357Mm":{"chainKey":{"counter":-1,"key":"X4vmjZJl5UCbA1p1e/Ey4jaRx4wK0gUInGGGKWmx500="},"chainType":1,"messageKeys":{}}}}},"version":"v1"}