{"_sessions":{"BfiJOycfCHfeTwqwD5KBh+r7ZzftvLp8bPD0kfHPr20B":{"registrationId":855824656,"currentRatchet":{"ephemeralKeyPair":{"pubKey":"BRxgNOlhLqXMJrPjUckV3mEoU6sKGhiITiSWSsmftU07","privKey":"0G7ld3MvMuU2SoSAlsr/Ao3ae0Tum8SSj8wbNwohC04="},"lastRemoteEphemeralKey":"Ba4JB/AuW1No2d8GuSqBA69EYY6mF3fMGnh49k7hoQMR","previousCounter":0,"rootKey":"h0mNZ2YN6lwdX09GxFmHVu8H9ILzHGx1M85lSUFXEPo="},"indexInfo":{"baseKey":"BfiJOycfCHfeTwqwD5KBh+r7ZzftvLp8bPD0kfHPr20B","baseKeyType":1,"closed":-1,"used":1732681184831,"created":1732680991115,"remoteIdentityKey":"BeRBZRaGXWwNqFUmGIxucgmwCkooHFo4T5aHRrK2fV5v"},"_chains":{"Ba4JB/AuW1No2d8GuSqBA69EYY6mF3fMGnh49k7hoQMR":{"chainKey":{"counter":0,"key":"Tzdr8lkco5KTiKyQyEddGxz8Y5ahE8f5M0vZFQyIgEQ="},"chainType":2,"messageKeys":{}},"BRxgNOlhLqXMJrPjUckV3mEoU6sKGhiITiSWSsmftU07":{"chainKey":{"counter":-1,"key":"JxaQomSr/9c6yNrP3viYuOVIGfYueN2XkB6nqJfwALM="},"chainType":1,"messageKeys":{}}}}},"version":"v1"}