{"_sessions":{"BW9+4hdT9+xTQC3QmFbPEv4TTA9RlC6zIltntl4IHK9m":{"registrationId":1062919312,"currentRatchet":{"ephemeralKeyPair":{"pubKey":"BUmlwOmMDEiIqsccYXevGxtQVcO4sHGJlb+7Q8bQe10m","privKey":"wJIGzFltMhbqiJ4z5dJ0CqTik3LIGIV091vmhTsRPEc="},"lastRemoteEphemeralKey":"BXEbXZpXVHbfCuHBrKZEPUMvb4PvmtHsbNtOStngdFYS","previousCounter":0,"rootKey":"K26PSlaAxjYXGlqBpZBnDJFPk2a0xCMWi7kOcsZfs1w="},"indexInfo":{"baseKey":"BW9+4hdT9+xTQC3QmFbPEv4TTA9RlC6zIltntl4IHK9m","baseKeyType":2,"closed":-1,"used":1732680189318,"created":1732680189318,"remoteIdentityKey":"BZH24gFPpKt+Ucwq+J3huf6gJlIfZoifuDFNsnkHMFQZ"},"_chains":{"BXEbXZpXVHbfCuHBrKZEPUMvb4PvmtHsbNtOStngdFYS":{"chainKey":{"counter":0,"key":"ZE8epmyOOlpsU62zr02pseq8R7+hGJs1HD7xfvxAi4k="},"chainType":2,"messageKeys":{}},"BUmlwOmMDEiIqsccYXevGxtQVcO4sHGJlb+7Q8bQe10m":{"chainKey":{"counter":-1,"key":"7sHqMoB+74tme8czSp5aUO8y8mzkabdPKqiVCDaEo9A="},"chainType":1,"messageKeys":{}}}}},"version":"v1"}