{"_sessions":{"BabOlux2R3F8Pa7ATcoGK01sEoA2DxnMlqfQBKQZ4iky":{"registrationId":102100987,"currentRatchet":{"ephemeralKeyPair":{"pubKey":"BS/xJlCT/i7/Sotu8lJjUv1U2lTpe1f6c/2jQc4BpnRt","privKey":"4Io1hbYMlqJZuuUGgwpdRoMCNx3owYiklWsExwCiTVQ="},"lastRemoteEphemeralKey":"Bbj9O1ua6j2gPe7Or+8zcqPiBTDeySgok58PccpT385S","previousCounter":0,"rootKey":"iazsfJbdAjYrhnrh/irW6BcUx9TDPsX37w1YeTZPLu0="},"indexInfo":{"baseKey":"BabOlux2R3F8Pa7ATcoGK01sEoA2DxnMlqfQBKQZ4iky","baseKeyType":2,"closed":-1,"used":1732680144123,"created":1732680144123,"remoteIdentityKey":"BUGlT6VKMWBtAAZRzjovoewHDJpBxmlz94JkdnKMpmFj"},"_chains":{"Bbj9O1ua6j2gPe7Or+8zcqPiBTDeySgok58PccpT385S":{"chainKey":{"counter":1,"key":"Amd4oFPJ3zhP+Yzj9Yn3Jr1scyjQsyXyK65kvDwGfdw="},"chainType":2,"messageKeys":{}},"BS/xJlCT/i7/Sotu8lJjUv1U2lTpe1f6c/2jQc4BpnRt":{"chainKey":{"counter":-1,"key":"PJrnkGqEFBclQzTfVXkK7SwlsB7JgRN2vA00y0cSRuM="},"chainType":1,"messageKeys":{}}}}},"version":"v1"}