{"_sessions":{"BQpGyee490ajeBXtTns/8NyAxJZQ74qPJKPY9S2VRJEi":{"registrationId":1177998500,"currentRatchet":{"ephemeralKeyPair":{"pubKey":"BQzLb0N7zbtzvz0GNZWPdq07Reeg6w0xXy+z/rhQkS1t","privKey":"OCMwSWUgppXKQv27Ubye0P/PWDg40cQKmVVk2WtWGlM="},"lastRemoteEphemeralKey":"Bf2YAoUfpil/ae8z2C/9wXZ+8BYYZkPg7mX0rZC+BOAz","previousCounter":0,"rootKey":"antzFyPJuD7lcmRvWANYcSYmNZ0iL1WW1ge5k1KEgKY="},"indexInfo":{"baseKey":"BQpGyee490ajeBXtTns/8NyAxJZQ74qPJKPY9S2VRJEi","baseKeyType":2,"closed":-1,"used":1732680406049,"created":1732680406049,"remoteIdentityKey":"BTbTQe5nIx5kWrM//Sp3Iy2F3ODMplTjCffqYnq7z48Q"},"_chains":{"Bf2YAoUfpil/ae8z2C/9wXZ+8BYYZkPg7mX0rZC+BOAz":{"chainKey":{"counter":0,"key":"Ou0vaPk24P2NOELdwIQQgjxQUItakh2cQfaRpGe1LBA="},"chainType":2,"messageKeys":{}},"BQzLb0N7zbtzvz0GNZWPdq07Reeg6w0xXy+z/rhQkS1t":{"chainKey":{"counter":-1,"key":"McOnFUK1izlBMVFgxis70TylFJucd88L0GxIy4upsDk="},"chainType":1,"messageKeys":{}}}}},"version":"v1"}